"Player_no","PLAYER_BET_NUMBER","BET_PLACED_DATE","OVER_1000_SEK","EVENT_NAME","LEAGUE","BET_OFFER_TYPE","CRITERIA_NAME","IS_LIVE","BET_LABEL","ODDS","BET_OUTCOME"
1,1,2022-07-16 18:05:24,"YES","Djurg?rdens IF - IFK Varnamo","Allsvenskan","Over Under","Total Goals - {0}:00-{1}:59 0.5","Y","Over",1.48,"Bet Won"
1,2,2022-07-16 18:48:01,"YES","Djurg?rdens IF - IFK Varnamo","Allsvenskan","Over Under","Total Goals - {0}:00-{1}:59 0.5","Y","Over",3.25,"Bet Won"
1,3,2022-07-17 16:25:24,"YES","AIK - Kalmar FF","Allsvenskan","Over Under","Total Goals - {0}:00-{1}:59 0.5","Y","Over",3.4,"Bet Lost"
2,1,2022-06-29 20:30:18,"YES","Landskrona BoIS - Halmstads BK","Superettan","Three way 1x2","Full Time","N","Halmstads BK",1.9,"Bet Lost"
2,2,2022-07-13 22:26:13,"YES","Halmstads BK - Utsiktens BK","Superettan","Three way 1x2","Full Time","N","Halmstads BK",1.7,"Bet Won"
3,1,2022-07-16 14:59:41,"YES","IFK Norrkoping - Malmo FF","Allsvenskan","Over Under","Total Goals - 1st Half 0.5","N","Over",1.32,"Bet Won"
4,1,2022-07-17 15:41:00,"YES","Hammarby IF - IF Elfsborg","Allsvenskan","Three way 1x2","Full Time","Y","Hammarby IF",1.32,"Bet Won"
5,1,2022-07-16 14:54:32,"YES","Djurg?rdens IF - IFK Varnamo","Allsvenskan","Three way 1x2","Full Time","N","Djurg?rdens IF",1.42,"Bet Won"
5,2,2022-07-16 22:34:34,"YES","AIK - Kalmar FF","Allsvenskan","Three way 1x2","Full Time","N","AIK",1.87,"Bet Won"
5,3,2022-07-17 13:08:06,"YES","AIK - Kalmar FF","Allsvenskan","Three way 1x2","Full Time","N","AIK",1.8,"Bet Won"
6,1,2022-07-16 14:16:22,"YES","IFK Norrkoping - Malmo FF","Allsvenskan","Three way 1x2","Full Time","N","Malmo FF",2.3,"Bet Won"
7,1,2022-07-17 14:26:40,"YES","IK Sirius FK - Degerfors IF","Allsvenskan","Three way 1x2","Full Time","N","IK Sirius FK",1.83,"Bet Won"
8,1,2022-07-16 10:11:47,"YES","IFK Norrkoping - Malmo FF","Allsvenskan","Three way 1x2","Full Time","N","Malmo FF",2.3,"Bet Won"
8,2,2022-07-16 17:00:44,"YES","Ostersunds FK - Osters IF","Superettan","Three way 1x2","Full Time","Y","Osters IF",1.68,"Bet Lost"
9,1,2022-07-17 10:19:05,"YES","IK Sirius FK - Degerfors IF","Allsvenskan","Three way 1x2","Full Time","N","IK Sirius FK",1.83,"Bet Won"
10,1,2022-07-12 20:34:41,"YES","Landskrona BoIS - Halmstads BK","Superettan","Next Occurrence Number","Next Goal ({0}) (Draw: No More Goals)","Y","Halmstads BK",2.7,"Bet Lost"
11,1,2022-07-12 18:56:46,"YES","Orebro SK - Trelleborgs FF","Superettan","Player Occurrence Line","To score 1","N","Bjorndahl, Erik - Yes",2.8,"Bet Won"
12,1,2022-07-17 15:57:52,"YES","AIK - Kalmar FF","Allsvenskan","Next Occurrence Number","Next Goal ({0}) (Draw: No More Goals)","Y","AIK",2.07,"Bet Lost"
13,1,2022-07-16 12:44:40,"YES","Djurg?rdens IF - IFK Varnamo","Allsvenskan","Three way 1x2","Full Time","N","Djurg?rdens IF",1.4,"Bet Won"
13,2,2022-07-16 17:06:38,"YES","Djurg?rdens IF - IFK Varnamo","Allsvenskan","HT/FT","Half Time/Full Time","N","1/1",1.98,"Bet Won"
14,1,2022-07-12 18:22:08,"YES","Orebro SK - Trelleborgs FF","Superettan","Over Under","Total Goals by Home Team 1.5","N","Over",2.3,"Bet Won"
15,1,2022-07-17 13:14:33,"YES","IK Sirius FK - Degerfors IF","Allsvenskan","Three way 1x2","Full Time","N","IK Sirius FK",1.9,"Bet Won"
16,1,2022-07-16 17:12:13,"YES","Djurg?rdens IF - IFK Varnamo","Allsvenskan","Three way 1x2","Full Time","N","Djurg?rdens IF",1.42,"Bet Won"
17,1,2022-07-17 02:20:34,"YES","IK Sirius FK - Degerfors IF","Allsvenskan","Three way 1x2","Full Time","N","IK Sirius FK",2,"Bet Won"
18,1,2022-07-16 12:48:56,"YES","IFK Norrkoping - Malmo FF","Allsvenskan","Three way 1x2","Full Time","N","Malmo FF",2.2,"Bet Won"
19,1,2022-07-13 16:38:48,"YES","IFK Norrkoping - Malmo FF","Allsvenskan","Three way 1x2","Full Time","N","IFK Norrkoping",3.45,"Bet Lost"
20,1,2022-07-17 13:12:45,"YES","Vaster?s SK FK - Landskrona BoIS","Superettan","Three way 1x2","Half Time","Y","Vaster?s SK FK",2.75,"Bet Won"
20,2,2022-07-17 15:23:47,"YES","AIK - Kalmar FF","Allsvenskan","Three way 1x2","Half Time","Y","AIK",3.55,"Bet Won"
20,3,2022-07-17 15:24:23,"YES","Halmstads BK - Utsiktens BK","Superettan","Three way 1x2","Half Time","Y","Halmstads BK",3.4,"Bet Won"
20,4,2022-07-17 16:09:07,"YES","IK Sirius FK - Degerfors IF","Allsvenskan","Next Occurrence Number","Next Goal ({0}) (Draw: No More Goals)","Y","Degerfors IF",2.95,"Bet Lost"
20,5,2022-07-17 16:13:56,"YES","IFK Goteborg - Mjallby AIF","Allsvenskan","Next Occurrence Number","Next Goal ({0}) (Draw: No More Goals)","Y","Mjallby AIF",2.9,"Bet Won"
20,6,2022-07-17 16:22:06,"YES","AIK - Kalmar FF","Allsvenskan","Next Occurrence Number","Next Goal ({0}) (Draw: No More Goals)","Y","AIK",2.43,"Bet Lost"
21,1,2022-07-17 15:18:39,"YES","Halmstads BK - Utsiktens BK","Superettan","Three way 1x2","Half Time","Y","Halmstads BK",2.7,"Bet Won"
22,1,2022-07-16 10:00:38,"YES","Djurg?rdens IF - IFK Varnamo","Allsvenskan","Three way 1x2","Full Time","N","Djurg?rdens IF",1.43,"Bet Won"
22,2,2022-07-16 17:00:50,"YES","Djurg?rdens IF - IFK Varnamo","Allsvenskan","Three way 1x2","Full Time","N","Djurg?rdens IF",1.42,"Bet Won"
22,3,2022-07-17 12:54:02,"YES","Hammarby IF - IF Elfsborg","Allsvenskan","Two Way Draw No Bet","Draw No Bet","N","Hammarby IF",1.4,"Bet Won"
22,4,2022-07-17 14:15:00,"YES","Hammarby IF - IF Elfsborg","Allsvenskan","Two Way Draw No Bet","Draw No Bet","N","Hammarby IF",1.43,"Bet Won"
23,1,2022-07-16 09:57:06,"YES","Djurg?rdens IF - IFK Varnamo","Allsvenskan","Three Way Handicap","3-Way Handicap -1","N","Djurg?rdens IF",2.08,"Bet Won"
24,1,2022-07-17 15:14:35,"YES","Halmstads BK - Utsiktens BK","Superettan","Next Occurrence Number","Next Goal ({0}) (Draw: No More Goals)","Y","Halmstads BK",1.5,"Bet Won"
25,1,2022-07-16 09:49:53,"YES","Djurg?rdens IF - IFK Varnamo","Allsvenskan","Three Way Handicap","3-Way Handicap -1","N","Djurg?rdens IF",2.08,"Bet Won"
26,1,2022-07-16 16:20:54,"YES","Skovde AIK - IK Brage","Superettan","Asian Over/Under","Asian Total 2","Y","Over",2.3,"Bet Won"
27,1,2022-07-12 09:53:37,"YES","Landskrona BoIS - Halmstads BK","Superettan","Over Under","Total Goals 2.5","N","Over",1.9,"Bet Won"
27,2,2022-07-12 19:31:33,"YES","Landskrona BoIS - Halmstads BK","Superettan","Over Under","Total Corners 10.5","Y","Over",1.76,"Bet Won"
27,3,2022-07-12 19:31:57,"YES","Landskrona BoIS - Halmstads BK","Superettan","Over Under","Total Goals 2.5","Y","Over",1.5,"Bet Won"
27,4,2022-07-16 17:02:59,"YES","Djurg?rdens IF - IFK Varnamo","Allsvenskan","Over Under","Total Goals 2.5","N","Over",1.66,"Bet Won"
27,5,2022-07-17 13:10:16,"YES","Halmstads BK - Utsiktens BK","Superettan","Over Under","Total Corners 10.5","N","Over",1.87,"Bet Won"
27,6,2022-07-17 14:41:11,"YES","Halmstads BK - Utsiktens BK","Superettan","Over Under","Total Goals 2.5","N","Over",1.8,"Bet Won"
28,1,2022-07-17 13:16:04,"YES","Vaster?s SK FK - Landskrona BoIS","Superettan","Occurrence To Happen","Both Teams To Score - 1st Half","Y","No",1.09,"Bet Won"
28,2,2022-07-17 14:04:04,"YES","Vaster?s SK FK - Landskrona BoIS","Superettan","Over Under","Total Goals 1.5","Y","Over",1.11,"Bet Won"
28,3,2022-07-17 14:39:58,"YES","Vaster?s SK FK - Landskrona BoIS","Superettan","Occurrence To Happen","Both Teams To Score","Y","No",1.11,"Bet Won"
28,4,2022-07-17 15:03:16,"YES","AIK - Kalmar FF","Allsvenskan","Over Under","Total Goals - {0}:00-{1}:59 0.5","Y","Under",1.12,"Bet Won"
28,5,2022-07-17 16:03:24,"YES","IK Sirius FK - Degerfors IF","Allsvenskan","Over Under","Total Goals 3.5","Y","Under",1.3,"Bet Won"
29,1,2022-07-12 20:33:37,"YES","Landskrona BoIS - Halmstads BK","Superettan","Double Chance","Double Chance","Y","X2",1.11,"Bet Lost"
29,2,2022-07-16 15:38:03,"YES","Dalkurd FF - Orebro SK","Superettan","Over Under","Total Goals by Away Team 2.5","Y","Over",1.64,"Bet Lost"
29,3,2022-07-16 15:38:03,"YES","Dalkurd FF - Orebro SK","Superettan","Over Under","Total Goals 2.5","Y","Over",1.13,"Bet Lost"
30,1,2022-07-16 17:29:01,"YES","Ostersunds FK - Osters IF","Superettan","Three way 1x2","Full Time","Y","Ostersunds FK",2.23,"Bet Lost"
30,2,2022-07-17 16:09:03,"YES","IK Sirius FK - Degerfors IF","Allsvenskan","Over Under","Total Goals 2.5","Y","Under",1.96,"Bet Won"
31,1,2022-07-17 15:18:04,"YES","Hammarby IF - IF Elfsborg","Allsvenskan","Over Under","Total Goals - 1st Half 1.5","Y","Over",1.49,"Bet Won"
32,1,2022-07-12 11:28:33,"YES","Orebro SK - Trelleborgs FF","Superettan","Double Chance","Double Chance","N","1X",1.42,"Bet Won"
32,2,2022-07-17 14:28:50,"YES","AIK - Kalmar FF","Allsvenskan","Three way 1x2","Full Time","N","AIK",1.92,"Bet Won"
33,1,2022-07-16 15:04:08,"YES","Dalkurd FF - Orebro SK","Superettan","Asian Over/Under","Asian Total 3","Y","Under",1.64,"Bet Won"
33,2,2022-07-16 15:11:32,"YES","Dalkurd FF - Orebro SK","Superettan","Asian Over/Under","Asian Total 3.25","Y","Under",2.14,"Bet Won"
33,3,2022-07-16 16:49:21,"YES","Dalkurd FF - Orebro SK","Superettan","Over Under","Total Goals 2.5","Y","Over",7.5,"Bet Lost"
34,1,2022-07-16 16:34:16,"YES","IFK Norrkoping - Malmo FF","Allsvenskan","Over Under","Total Goals 2.5","Y","Over",1.94,"Bet Lost"
35,1,2022-07-16 17:56:34,"YES","Djurg?rdens IF - IFK Varnamo","Allsvenskan","Over Under","Total Goals by Home Team 1.5","Y","Over",1.17,"Bet Won"
36,1,2022-07-17 07:51:42,"YES","AIK - Kalmar FF","Allsvenskan","Player Occurrence Line","To score at least {0} goals 2","N","Guidetti, John - Yes",10.5,"Bet Lost"
36,2,2022-07-17 07:51:42,"YES","AIK - Kalmar FF","Allsvenskan","Player Occurrence Line","To score at least {0} goals 3","N","Guidetti, John - Yes",51,"Bet Lost"
36,3,2022-07-17 07:51:42,"YES","AIK - Kalmar FF","Allsvenskan","Player Occurrence Line","To score at least {0} goals 4","N","Guidetti, John - Yes",301,"Bet Lost"
37,1,2022-07-16 17:52:17,"YES","Djurg?rdens IF - IFK Varnamo","Allsvenskan","Over Under","Total Corners 8.5","Y","Over",1.3,"Bet Won"
37,2,2022-07-16 18:33:17,"YES","Djurg?rdens IF - IFK Varnamo","Allsvenskan","Over Under","Total Corners 13.5","Y","Over",1.7,"Bet Lost"
38,1,2022-07-16 15:17:17,"YES","IFK Norrkoping - Malmo FF","Allsvenskan","Three way 1x2","Full Time","Y","Malmo FF",1.43,"Bet Won"
39,1,2022-07-16 16:02:48,"YES","IFK Norrkoping - Malmo FF","Allsvenskan","Over Under","Total Corners 15.5","Y","Over",2.65,"Bet Won"
40,1,2022-07-16 15:20:27,"YES","IFK Norrkoping - Malmo FF","Allsvenskan","Two Way Handicap Draw No Bet","Handicap - 1st Half 1.5","Y","Malmo FF",3.75,"Bet Lost"
41,1,2022-07-17 09:22:18,"YES","AIK - Kalmar FF","Allsvenskan","Three way 1x2","Full Time","N","AIK",1.83,"Bet Won"
42,1,2022-07-12 19:57:14,"YES","Landskrona BoIS - Halmstads BK","Superettan","Over Under","Total Corners 13.5","Y","Over",1.93,"Bet Lost"
42,4,2022-07-17 13:07:10,"YES","Vaster?s SK FK - Landskrona BoIS","Superettan","Three way 1x2","Full Time","Y","Vaster?s SK FK",1.85,"Bet Won"
42,7,2022-07-17 15:57:04,"YES","Halmstads BK - Utsiktens BK","Superettan","Over Under","Total Corners 14.5","Y","Over",1.83,"Bet Lost"
43,1,2022-07-17 14:48:58,"YES","AIK - Kalmar FF","Allsvenskan","Player Occurrence Line","To score 1","N","Guidetti, John - Yes",2.43,"Bet Lost"
44,1,2022-07-16 08:50:13,"YES","Djurg?rdens IF - IFK Varnamo","Allsvenskan","Asian Handicap","Asian Handicap -1.25","N","Djurg?rdens IF",1.9,"Bet Won"
45,1,2022-07-12 20:45:42,"YES","Landskrona BoIS - Halmstads BK","Superettan","Asian Handicap","Asian Handicap ({0} - {1}) 0.5","Y","Halmstads BK",3.65,"Bet Lost"
45,2,2022-07-12 20:48:30,"YES","Landskrona BoIS - Halmstads BK","Superettan","Three Way Handicap","3-Way Handicap -1","Y","Halmstads BK",4.5,"Bet Lost"
45,3,2022-07-17 13:41:07,"YES","IK Sirius FK - Degerfors IF","Allsvenskan","Three way 1x2","Full Time","N","IK Sirius FK",1.9,"Bet Won"
45,4,2022-07-17 16:42:53,"YES","IFK Goteborg - Mjallby AIF","Allsvenskan","Three way 1x2","Full Time","Y","IFK Goteborg",8.5,"Bet Lost"
46,1,2022-07-12 20:23:45,"YES","Landskrona BoIS - Halmstads BK","Superettan","Over Under","Total Goals - {0}:00-{1}:59 0.5","Y","Over",3.65,"Bet Won"
46,2,2022-07-12 20:46:39,"YES","Landskrona BoIS - Halmstads BK","Superettan","Over Under","Total Goals 3.5","Y","Over",2.7,"Bet Lost"
46,3,2022-07-16 15:06:18,"YES","IFK Norrkoping - Malmo FF","Allsvenskan","Over Under","Total Goals by Home Team 0.5","Y","Over",1.4,"Bet Lost"
47,1,2022-07-17 14:25:14,"YES","AIK - Kalmar FF","Allsvenskan","Over Under","Total Goals by Away Team 1.5","N","Over",4.5,"Bet Lost"
48,1,2022-07-12 20:13:19,"YES","Landskrona BoIS - Halmstads BK","Superettan","Over Under","Total Goals 1.5","Y","Over",1.21,"Bet Won"
49,1,2022-07-17 15:37:48,"YES","AIK - Kalmar FF","Allsvenskan","Over Under","Total Corners 9.5","Y","Over",2.15,"Bet Won"
49,2,2022-07-17 16:50:06,"YES","AIK - Kalmar FF","Allsvenskan","Over Under","Total Corners 9.5","Y","Over",3.2,"Bet Won"
50,1,2022-07-16 14:50:30,"YES","IFK Norrkoping - Malmo FF","Allsvenskan","Three way 1x2","Full Time","N","Malmo FF",2.05,"Bet Won"
50,2,2022-07-17 15:19:30,"YES","AIK - Kalmar FF","Allsvenskan","Asian Handicap","Asian Handicap ({0} - {1}) -0.5","Y","Kalmar FF",1.94,"Bet Lost"
51,1,2022-07-16 16:55:23,"YES","Djurg?rdens IF - IFK Varnamo","Allsvenskan","Three Way Handicap","3-Way Handicap -1","N","Djurg?rdens IF",2.02,"Bet Won"
52,1,2022-07-17 13:51:34,"YES","Halmstads BK - Utsiktens BK","Superettan","Occurrence To Happen","Both Teams To Score","N","Yes",1.82,"Bet Won"
53,1,2022-07-17 15:43:10,"YES","IFK Goteborg - Mjallby AIF","Allsvenskan","Race To Value","First To {0} Corners (Draw: Neither team)","Y","Mjallby AIF",3.7,"Bet Lost"
53,2,2022-07-17 15:44:12,"YES","IFK Goteborg - Mjallby AIF","Allsvenskan","Race To Value","First To {0} Corners (Draw: Neither team)","Y","Mjallby AIF",3.95,"Bet Lost"
54,1,2022-07-17 14:36:25,"YES","AIK - Kalmar FF","Allsvenskan","Asian Over/Under","Asian Total - 1st Half 1","N","Over",2.12,"Bet Won"
54,2,2022-07-17 14:36:57,"YES","AIK - Kalmar FF","Allsvenskan","Asian Handicap","Asian Handicap -1","N","AIK",2.63,"Bet Won"
54,3,2022-07-17 14:37:05,"YES","AIK - Kalmar FF","Allsvenskan","Three way 1x2","Full Time","N","AIK",1.85,"Bet Won"
55,1,2022-07-12 22:38:05,"YES","Allsvenskan 2022","Allsvenskan","Position","Season Finishing Position","N","Djurg?rdens IF",4,"Bet Won"
56,1,2022-07-16 14:39:42,"YES","IFK Norrkoping - Malmo FF","Allsvenskan","Head","Player's shots on target","N","Over 1.5",2.4,"Bet Lost"
56,2,2022-07-16 14:39:42,"YES","IFK Norrkoping - Malmo FF","Allsvenskan","Over/Under","Total Shots on Target by Home Team 4.5","N","Over",2.2,"Bet Lost"
56,3,2022-07-16 14:39:42,"YES","IFK Norrkoping - Malmo FF","Allsvenskan","Over/Under","Total Shots on Target by Away Team 5.5","N","Over",2.2,"Bet Lost"
57,1,2022-07-16 15:02:53,"YES","Dalkurd FF - Orebro SK","Superettan","Three way 1x2","Full Time","Y","Orebro SK",2.15,"Bet Won"
58,1,2022-07-11 22:38:25,"YES","Djurg?rdens IF - IFK Varnamo","Allsvenskan","Asian Handicap","Asian Handicap -1","N","Djurg?rdens IF",1.78,"Bet Won"
59,1,2022-07-12 19:03:31,"YES","Landskrona BoIS - Halmstads BK","Superettan","Asian Over/Under","Asian Total - 1st Half 1","Y","Over",1.92,"Bet Won"
59,2,2022-07-12 20:21:41,"YES","Landskrona BoIS - Halmstads BK","Superettan","Asian Over/Under","Asian Total 2","Y","Over",1.78,"Bet Won"
60,1,2022-07-17 12:21:30,"YES","IFK Goteborg - Mjallby AIF","Allsvenskan","Three way 1x2","Full Time","N","IFK Goteborg",2.3,"Bet Lost"
61,1,2022-07-16 17:17:13,"YES","Ostersunds FK - Osters IF","Superettan","Asian Handicap","Asian Handicap ({0} - {1}) 1","Y","Osters IF",2.25,"Bet Won"
62,1,2022-07-16 17:07:17,"YES","Ostersunds FK - Osters IF","Superettan","Over Under","Total Corners 11.5","Y","Over",2.05,"Bet Lost"
62,2,2022-07-17 12:56:53,"YES","Vaster?s SK FK - Landskrona BoIS","Superettan","Over Under","Total Corners 11.5","N","Over",2.5,"Bet Won"
63,1,2022-07-16 15:15:23,"YES","IFK Norrkoping - Malmo FF","Allsvenskan","Next Occurrence Number","Next Goal ({0}) (Draw: No More Goals)","Y","IFK Norrkoping",2.12,"Bet Lost"
63,2,2022-07-17 14:22:18,"YES","IFK Goteborg - Mjallby AIF","Allsvenskan","Three way 1x2","Full Time","N","Mjallby AIF",3.65,"Bet Won"
64,1,2022-07-16 14:37:52,"YES","IFK Norrkoping - Malmo FF","Allsvenskan","Over Under","Total Goals by Home Team 1.5","N","Over",2.85,"Bet Lost"
64,2,2022-07-16 15:33:57,"YES","IFK Norrkoping - Malmo FF","Allsvenskan","Over Under","Total Goals 2.5","Y","Over",1.73,"Bet Lost"
64,3,2022-07-16 17:35:38,"YES","Djurg?rdens IF - IFK Varnamo","Allsvenskan","Asian Over/Under","Asian Total 2.5","Y","Over",1.71,"Bet Won"
64,4,2022-07-16 18:24:09,"YES","Ostersunds FK - Osters IF","Superettan","Asian Over/Under","Asian Total 1.5","Y","Over",1.67,"Bet Won"
64,5,2022-07-17 15:11:55,"YES","Hammarby IF - IF Elfsborg","Allsvenskan","Asian Over/Under","Asian Total 3.5","Y","Over",1.7,"Bet Lost"
65,1,2022-07-16 18:24:16,"YES","Ostersunds FK - Osters IF","Superettan","Three way 1x2","Full Time","Y","Ostersunds FK",1.46,"Bet Won"
66,1,2022-07-12 19:59:01,"YES","Orebro SK - Trelleborgs FF","Superettan","Over Under","Total Goals by Home Team 2.5","Y","Over",4.7,"Bet Lost"
66,2,2022-07-15 22:31:09,"YES","IFK Norrkoping - Malmo FF","Allsvenskan","Asian Handicap","Asian Handicap 1","N","Malmo FF",3.5,"Bet Won"
67,1,2022-07-15 07:22:08,"YES","Djurg?rdens IF - IFK Varnamo","Allsvenskan","Three way 1x2","Full Time","N","Djurg?rdens IF",1.47,"Bet Won"
67,2,2022-07-16 20:03:27,"YES","AIK - Kalmar FF","Allsvenskan","Over Under","Total Goals 1.5","N","Over",1.4,"Bet Lost"
68,1,2022-07-16 00:50:48,"YES","Djurg?rdens IF - IFK Varnamo","Allsvenskan","Asian Handicap","Asian Handicap -1.5","N","Djurg?rdens IF",2.17,"Bet Won"
68,2,2022-07-17 14:38:58,"YES","AIK - Kalmar FF","Allsvenskan","Asian Handicap","Asian Handicap -1.5","N","AIK",3.5,"Bet Lost"
69,1,2022-07-17 15:07:12,"YES","AIK - Kalmar FF","Allsvenskan","Three way 1x2","Full Time","Y","AIK",1.7,"Bet Won"
70,1,2022-07-17 15:12:16,"YES","AIK - Kalmar FF","Allsvenskan","Over Under","Total Goals 3.5","Y","Under",1.16,"Bet Won"
71,1,2022-07-16 15:25:42,"YES","IFK Norrkoping - Malmo FF","Allsvenskan","Three Way Handicap","3-Way Handicap 2","Y","Malmo FF",5.25,"Bet Lost"
72,1,2022-07-17 15:41:28,"YES","AIK - Kalmar FF","Allsvenskan","Three way 1x2","Full Time","Y","Kalmar FF",14,"Bet Lost"
73,1,2022-07-17 13:55:00,"YES","AIK - Kalmar FF","Allsvenskan","Three way 1x2","Full Time","N","AIK",1.83,"Bet Won"
74,1,2022-07-16 14:52:52,"YES","IFK Norrkoping - Malmo FF","Allsvenskan","Over Under","Total Corners 10.5","N","Over",1.75,"Bet Won"
74,2,2022-07-16 17:33:10,"YES","Djurg?rdens IF - IFK Varnamo","Allsvenskan","Over Under","Total Corners 10.5","Y","Over",1.83,"Bet Won"
74,3,2022-07-17 14:29:45,"YES","Hammarby IF - IF Elfsborg","Allsvenskan","Over Under","Total Corners 11.5","N","Over",2,"Bet Lost"
75,1,2022-07-16 18:03:45,"YES","Ostersunds FK - Osters IF","Superettan","Three way 1x2","Full Time","Y","Osters IF",4.9,"Bet Lost"
75,2,2022-07-17 12:41:21,"YES","Vaster?s SK FK - Landskrona BoIS","Superettan","Asian Handicap","Asian Handicap 0","N","Landskrona BoIS",2.5,"Bet Lost"
76,1,2022-07-16 14:04:57,"YES","IFK Norrkoping - Malmo FF","Allsvenskan","Asian Handicap","Asian Handicap -1","N","IFK Norrkoping",6.4,"Bet Lost"
77,1,2022-07-12 20:43:50,"YES","Landskrona BoIS - Halmstads BK","Superettan","Over Under","Total Corners 11.5","Y","Over",4.2,"Bet Lost"
78,1,2022-07-17 13:00:20,"YES","Vaster?s SK FK - Landskrona BoIS","Superettan","Over Under","Total Goals - 1st Half 1.5","Y","Over",2.6,"Bet Lost"
79,1,2022-07-17 13:06:38,"YES","Vaster?s SK FK - Landskrona BoIS","Superettan","Over Under","Total Goals - 1st Half 1.5","Y","Over",2.9,"Bet Lost"
79,2,2022-07-17 13:07:29,"YES","Vaster?s SK FK - Landskrona BoIS","Superettan","Over Under","Total Corners 11.5","Y","Under",1.9,"Bet Won"
79,3,2022-07-17 13:10:12,"YES","Vaster?s SK FK - Landskrona BoIS","Superettan","Three way 1x2","Half Time","Y","Vaster?s SK FK",2.65,"Bet Won"
79,4,2022-07-17 13:25:21,"YES","Vaster?s SK FK - Landskrona BoIS","Superettan","Asian Over/Under","Asian Total 2.5","Y","Over",2.1,"Bet Won"
79,5,2022-07-17 13:54:34,"YES","Vaster?s SK FK - Landskrona BoIS","Superettan","Asian Handicap","Asian Handicap ({0} - {1}) -0.5","Y","Vaster?s SK FK",1.96,"Bet Won"
79,6,2022-07-17 14:42:04,"YES","IK Sirius FK - Degerfors IF","Allsvenskan","Three way 1x2","Full Time","N","X",4.4,"Bet Lost"
79,7,2022-07-17 14:42:34,"YES","AIK - Kalmar FF","Allsvenskan","Over Under","Total Corners by Away Team 5.5","N","Over",3.4,"Bet Won"
79,8,2022-07-17 15:06:46,"YES","Hammarby IF - IF Elfsborg","Allsvenskan","Over Under","Total Goals 2.5","Y","Under",2.38,"Bet Lost"
79,9,2022-07-17 15:08:22,"YES","IFK Goteborg - Mjallby AIF","Allsvenskan","Three way 1x2","Half Time","Y","IFK Goteborg",3.2,"Bet Won"
79,10,2022-07-17 15:09:19,"YES","Halmstads BK - Utsiktens BK","Superettan","Three way 1x2","Half Time","Y","Halmstads BK",2.33,"Bet Won"
79,11,2022-07-17 15:50:53,"YES","Hammarby IF - IF Elfsborg","Allsvenskan","Over Under","Total Goals 3.5","Y","Under",2.12,"Bet Won"
79,12,2022-07-17 15:54:44,"YES","Halmstads BK - Utsiktens BK","Superettan","Asian Handicap","Asian Handicap ({0} - {1}) -0.5","Y","Halmstads BK",2.17,"Bet Won"
80,1,2022-07-16 10:08:14,"YES","IFK Norrkoping - Malmo FF","Allsvenskan","Three way 1x2","Full Time","N","Malmo FF",2.3,"Bet Won"
80,2,2022-07-17 14:59:31,"YES","Hammarby IF - IF Elfsborg","Allsvenskan","Three way 1x2","Full Time","N","Hammarby IF",1.95,"Bet Won"
81,1,2022-07-12 20:44:51,"YES","Landskrona BoIS - Halmstads BK","Superettan","Three way 1x2","Full Time","Y","X",3.95,"Bet Lost"
82,1,2022-07-16 16:40:06,"YES","IFK Norrkoping - Malmo FF","Allsvenskan","Over Under","Total Corners by Home Team 6.5","Y","Over",3.45,"Bet Won"
82,2,2022-07-17 16:06:30,"YES","IFK Goteborg - Mjallby AIF","Allsvenskan","Over Under","Total Corners by Away Team 5.5","Y","Over",3.05,"Bet Lost"
83,1,2022-07-17 15:33:02,"YES","Hammarby IF - IF Elfsborg","Allsvenskan","Three way 1x2","Full Time","Y","X",5,"Bet Won"
84,1,2022-07-16 11:13:23,"YES","IFK Norrkoping - Malmo FF","Allsvenskan","Asian Handicap","Asian Handicap -1","N","Malmo FF",1.14,"Bet Won"
85,1,2022-07-17 15:55:12,"YES","AIK - Kalmar FF","Allsvenskan","Over Under","Total Goals by Away Team 1.5","Y","Under",1.09,"Bet Won"
86,1,2022-07-16 11:44:05,"YES","IFK Norrkoping - Malmo FF","Allsvenskan","Three way 1x2","Full Time","N","Malmo FF",2.28,"Bet Won"
86,2,2022-07-16 16:59:13,"YES","Djurg?rdens IF - IFK Varnamo","Allsvenskan","Asian Handicap","Asian Handicap -1.5","N","Djurg?rdens IF",2.12,"Bet Won"
86,3,2022-07-17 12:54:23,"YES","Vaster?s SK FK - Landskrona BoIS","Superettan","Player Occurrence Line","To score 1","N","Diawara, Ousmane - Yes",3.5,"Bet Lost"
87,1,2022-07-12 19:40:49,"YES","Landskrona BoIS - Halmstads BK","Superettan","Next Occurrence Number Draw No Bet","Next Goal, No Goal No Bet ({0})","Y","Halmstads BK",1.38,"Bet Lost"
88,1,2022-07-16 18:39:59,"YES","Djurg?rdens IF - IFK Varnamo","Allsvenskan","Over Under","Total Corners by Away Team 4.5","Y","Over",1.6,"Bet Lost"
89,1,2022-07-16 15:44:34,"YES","IFK Norrkoping - Malmo FF","Allsvenskan","Over Under","Total Goals 1.5","Y","Over",1.18,"Bet Won"
89,2,2022-07-16 17:21:47,"YES","Djurg?rdens IF - IFK Varnamo","Allsvenskan","Three way 1x2","Full Time","N","Djurg?rdens IF",1.42,"Bet Won"
90,1,2022-07-12 21:31:48,"YES","IFK Norrkoping - Malmo FF","Allsvenskan","Three way 1x2","Full Time","N","Malmo FF",2.2,"Bet Won"
90,2,2022-07-16 13:53:34,"YES","IFK Norrkoping - Malmo FF","Allsvenskan","Three way 1x2","Full Time","N","Malmo FF",2.2,"Bet Won"
91,1,2022-07-16 08:25:07,"YES","AIK - Kalmar FF","Allsvenskan","Asian Handicap","Asian Handicap -1","N","AIK",2.7,"Bet Won"
92,1,2022-07-12 19:06:13,"YES","Orebro SK - Trelleborgs FF","Superettan","Over Under","Total Goals - {0}:00-{1}:59 0.5","Y","Over",3.95,"Bet Lost"
92,2,2022-07-17 16:44:12,"YES","IK Sirius FK - Degerfors IF","Allsvenskan","Three way 1x2","Full Time","Y","X",9.5,"Bet Lost"
93,1,2022-07-17 13:49:46,"YES","AIK - Kalmar FF","Allsvenskan","Three way 1x2","Full Time","N","AIK",1.83,"Bet Won"
94,1,2022-07-12 09:36:48,"YES","Landskrona BoIS - Halmstads BK","Superettan","Three way 1x2","Full Time","N","Landskrona BoIS",4.5,"Bet Won"
95,1,2022-07-16 16:22:28,"YES","IFK Norrkoping - Malmo FF","Allsvenskan","Next Occurrence Number","Next Goal ({0}) (Draw: No More Goals)","Y","Malmo FF",2.4,"Bet Lost"
96,1,2022-07-12 19:10:55,"YES","Landskrona BoIS - Halmstads BK","Superettan","Asian Handicap","Asian Handicap ({0} - {1}) 0.5","Y","Halmstads BK",1.83,"Bet Lost"
97,1,2022-07-16 17:18:24,"YES","Ostersunds FK - Osters IF","Superettan","Next Occurrence Number","Next Goal ({0}) (Draw: No More Goals)","Y","Osters IF",1.43,"Bet Won"
98,1,2022-07-16 15:25:46,"YES","IFK Norrkoping - Malmo FF","Allsvenskan","Over Under","Total Goals 2.5","Y","Over",1.56,"Bet Lost"
99,1,2022-07-13 17:39:17,"YES","Vaster?s SK FK - Landskrona BoIS","Superettan","Double Chance","Double Chance","N","X2",1.66,"Bet Lost"
99,2,2022-07-13 17:40:56,"YES","IFK Goteborg - Mjallby AIF","Allsvenskan","Over Under","Total Corners 10.5","N","Over",1.98,"Bet Lost"
100,1,2022-07-12 19:00:12,"YES","Landskrona BoIS - Halmstads BK","Superettan","Over Under","Total Goals 2.5","Y","Over",2,"Bet Won"
101,1,2022-07-16 15:48:47,"YES","Dalkurd FF - Orebro SK","Superettan","Three way 1x2","Full Time","Y","Orebro SK",1.1,"Bet Won"
102,1,2022-07-16 10:28:36,"YES","IFK Norrkoping - Malmo FF","Allsvenskan","Three way 1x2","Full Time","N","Malmo FF",2.3,"Bet Won"
102,2,2022-07-16 10:28:44,"YES","Skovde AIK - IK Brage","Superettan","Three way 1x2","Full Time","N","IK Brage",3.1,"Bet Lost"
103,1,2022-07-16 15:05:24,"YES","IFK Norrkoping - Malmo FF","Allsvenskan","Over Under","Total Goals - 1st Half 1.5","Y","Over",2.8,"Bet Lost"
103,2,2022-07-17 16:03:14,"YES","AIK - Kalmar FF","Allsvenskan","Over Under","Total Goals - {0}:00-{1}:59 1.5","Y","Over",2.75,"Bet Lost"
104,1,2022-07-16 17:20:07,"YES","Djurg?rdens IF - IFK Varnamo","Allsvenskan","Over Under","Total Corners 12.5","N","Over",4.3,"Bet Lost"
104,2,2022-07-17 14:51:41,"YES","Hammarby IF - IF Elfsborg","Allsvenskan","Over Under","Total Corners 13.5","N","Over",3.55,"Bet Lost"
105,1,2022-07-17 16:05:07,"YES","IFK Goteborg - Mjallby AIF","Allsvenskan","Three way 1x2","Full Time","Y","Mjallby AIF",12,"Bet Lost"
106,1,2022-07-17 10:24:29,"YES","AIK - Kalmar FF","Allsvenskan","Three way 1x2","Full Time","N","AIK",1.8,"Bet Won"
107,1,2022-07-15 22:05:01,"YES","Djurg?rdens IF - IFK Varnamo","Allsvenskan","Three way 1x2","Full Time","N","Djurg?rdens IF",1.43,"Bet Won"
108,1,2022-07-17 14:52:32,"YES","Hammarby IF - IF Elfsborg","Allsvenskan","Over Under","Total Corners by Home Team 7.5","N","Over",2.6,"Bet Lost"
109,1,2022-07-12 18:23:10,"YES","Landskrona BoIS - Halmstads BK","Superettan","Over Under","Total Goals 2.5","N","Over",2.05,"Bet Won"
109,2,2022-07-16 14:53:04,"YES","Skovde AIK - IK Brage","Superettan","Over Under","Total Goals 2.5","N","Over",1.83,"Bet Lost"
110,1,2022-07-17 15:35:06,"YES","Halmstads BK - Utsiktens BK","Superettan","Over Under","Total Corners - 1st Half 9.5","Y","Over",2.45,"Bet Lost"
111,1,2022-07-17 13:00:53,"YES","AIK - Kalmar FF","Allsvenskan","Three way 1x2","Full Time","N","AIK",1.8,"Bet Won"
112,1,2022-07-16 17:31:02,"YES","Ostersunds FK - Osters IF","Superettan","Three way 1x2","Full Time","Y","Osters IF",3.5,"Bet Lost"
113,1,2022-07-12 19:29:13,"YES","Orebro SK - Trelleborgs FF","Superettan","Over Under","Total Goals - 1st Half 2.5","Y","Over",2.48,"Bet Lost"
113,2,2022-07-16 16:20:08,"YES","IFK Norrkoping - Malmo FF","Allsvenskan","Over Under","Total Goals 3.5","Y","Over",3.1,"Bet Lost"
114,1,2022-07-16 15:10:56,"YES","Skovde AIK - IK Brage","Superettan","Over Under","Total Goals 3.5","Y","Under",1.83,"Bet Won"
115,1,2022-07-16 15:07:02,"YES","Dalkurd FF - Orebro SK","Superettan","Three way 1x2","Half Time","Y","Orebro SK",1.26,"Bet Won"
115,2,2022-07-16 15:17:34,"YES","IFK Norrkoping - Malmo FF","Allsvenskan","Three way 1x2","Half Time","Y","Malmo FF",1.23,"Bet Won"
115,3,2022-07-16 16:57:03,"YES","Djurg?rdens IF - IFK Varnamo","Allsvenskan","Over Under","Total Goals by Away Team 1.5","N","Under",1.17,"Bet Won"
115,4,2022-07-17 15:11:52,"YES","IK Sirius FK - Degerfors IF","Allsvenskan","Over Under","Total Goals by Away Team - 1st Half 0.5","Y","Under",1.44,"Bet Won"
116,1,2022-07-16 17:33:02,"YES","Djurg?rdens IF - IFK Varnamo","Allsvenskan","Three way 1x2","Full Time","Y","Djurg?rdens IF",1.45,"Bet Won"
116,2,2022-07-17 15:00:21,"YES","AIK - Kalmar FF","Allsvenskan","Over Under","Total Goals - 1st Half 0.5","Y","Over",1.44,"Bet Won"
117,1,2022-07-15 22:58:00,"YES","IFK Norrkoping - Malmo FF","Allsvenskan","Three way 1x2","Full Time","N","Malmo FF",2.26,"Bet Won"
117,2,2022-07-16 14:21:05,"YES","IFK Norrkoping - Malmo FF","Allsvenskan","Over Under","Total Corners by Away Team 6.5","N","Over",2.6,"Bet Won"
117,3,2022-07-16 16:37:21,"YES","Djurg?rdens IF - IFK Varnamo","Allsvenskan","Over Under","Total Corners by Home Team 6.5","N","Over",2.02,"Bet Won"
117,4,2022-07-16 23:00:05,"YES","Vaster?s SK FK - Landskrona BoIS","Superettan","Three way 1x2","Full Time","N","X",3.65,"Bet Won"
117,5,2022-07-17 13:57:19,"YES","IFK Goteborg - Mjallby AIF","Allsvenskan","Three way 1x2","Full Time","N","X",3.3,"Bet Won"
118,1,2022-07-16 18:30:41,"YES","Ostersunds FK - Osters IF","Superettan","Three way 1x2","Full Time","Y","Osters IF",3.1,"Bet Lost"
119,1,2022-07-17 14:40:16,"YES","AIK - Kalmar FF","Allsvenskan","Three way 1x2","Full Time","N","Kalmar FF",4.85,"Bet Lost"
120,1,2022-07-11 18:40:14,"YES","Djurg?rdens IF - IFK Varnamo","Allsvenskan","Three way 1x2","Full Time","N","Djurg?rdens IF",1.5,"Bet Won"
120,2,2022-07-16 20:11:01,"YES","IK Sirius FK - Degerfors IF","Allsvenskan","Three way 1x2","Full Time","N","IK Sirius FK",1.96,"Bet Won"
121,1,2022-07-16 17:04:29,"YES","Djurg?rdens IF - IFK Varnamo","Allsvenskan","HT/FT","Half Time/Full Time","N","1/1",1.98,"Bet Won"
122,1,2022-07-17 15:16:45,"YES","Hammarby IF - IF Elfsborg","Allsvenskan","Next Occurrence Number Draw No Bet","Next Corner, No Corner No Bet ({0})","Y","Hammarby IF",1.83,"Bet Lost"
123,1,2022-07-12 02:54:28,"YES","Djurg?rdens IF - IFK Varnamo","Allsvenskan","Asian Handicap","Asian Handicap -1","N","Djurg?rdens IF",1.78,"Bet Won"
124,1,2022-07-12 20:56:28,"YES","Landskrona BoIS - Halmstads BK","Superettan","Three way 1x2","Full Time","Y","Landskrona BoIS",1.09,"Bet Won"
125,1,2022-07-16 14:11:55,"YES","Djurg?rdens IF - IFK Varnamo","Allsvenskan","Three way 1x2","Full Time","N","Djurg?rdens IF",1.42,"Bet Won"
126,1,2022-07-12 19:38:41,"YES","Orebro SK - Trelleborgs FF","Superettan","Three way 1x2","Full Time","Y","Trelleborgs FF",3.15,"Bet Lost"
127,1,2022-07-16 15:16:36,"YES","IFK Norrkoping - Malmo FF","Allsvenskan","Over Under","Total Corners by Away Team 3.5","Y","Over",1.73,"Bet Won"
128,1,2022-07-14 15:14:54,"YES","Djurg?rdens IF - IFK Varnamo","Allsvenskan","Over Under","Total Corners 10.5","N","Under",1.77,"Bet Lost"
129,1,2022-07-17 15:25:57,"YES","AIK - Kalmar FF","Allsvenskan","Over Under","Total Goals by Home Team 0.5","Y","Under",3.1,"Bet Lost"
130,1,2022-07-16 17:15:05,"YES","Djurg?rdens IF - IFK Varnamo","Allsvenskan","Three way 1x2","Full Time","N","Djurg?rdens IF",1.42,"Bet Won"
131,1,2022-07-16 17:28:05,"YES","Djurg?rdens IF - IFK Varnamo","Allsvenskan","Over Under","Total Corners by Home Team 6.5","N","Over",2.02,"Bet Won"
132,1,2022-07-17 14:48:16,"YES","Hammarby IF - IF Elfsborg","Allsvenskan","Three way 1x2","Full Time","N","Hammarby IF",1.92,"Bet Won"
133,1,2022-07-16 16:25:55,"YES","IFK Norrkoping - Malmo FF","Allsvenskan","Next Occurrence Number","Next Goal ({0}) (Draw: No More Goals)","Y","Malmo FF",2.55,"Bet Won"
134,1,2022-07-17 12:36:03,"YES","Vaster?s SK FK - Landskrona BoIS","Superettan","Three way 1x2","Full Time","N","Landskrona BoIS",3.35,"Bet Lost"
135,1,2022-07-16 16:52:47,"YES","Djurg?rdens IF - IFK Varnamo","Allsvenskan","Three way 1x2","Full Time","N","Djurg?rdens IF",1.42,"Bet Won"
136,1,2022-07-16 17:25:44,"YES","Djurg?rdens IF - IFK Varnamo","Allsvenskan","Three way 1x2","Full Time","N","Djurg?rdens IF",1.42,"Bet Won"
137,1,2022-07-12 20:42:34,"YES","Orebro SK - Trelleborgs FF","Superettan","Over Under","Total Goals by Home Team 2.5","Y","Under",1.14,"Bet Won"
137,2,2022-07-16 16:49:00,"YES","IFK Norrkoping - Malmo FF","Allsvenskan","Occurrence To Happen","Both Teams To Score","Y","No",1.07,"Bet Won"
137,3,2022-07-16 18:45:56,"YES","Ostersunds FK - Osters IF","Superettan","Over Under","Total Goals by Home Team 1.5","Y","Under",1.04,"Bet Won"
137,4,2022-07-17 16:45:40,"YES","AIK - Kalmar FF","Allsvenskan","Occurrence To Happen","Both Teams To Score","Y","No",1.05,"Bet Won"
138,1,2022-07-16 01:51:44,"YES","IFK Norrkoping - Malmo FF","Allsvenskan","Three way 1x2","Full Time","N","Malmo FF",2.26,"Bet Won"
139,1,2022-07-06 13:25:02,"YES","Landskrona BoIS - Halmstads BK","Superettan","Over Under","Total Goals 2.5","N","Under",2.23,"Bet Lost"
139,2,2022-07-16 14:52:40,"YES","IFK Norrkoping - Malmo FF","Allsvenskan","Over Under","Total Corners by Home Team 4.5","N","Over",1.63,"Bet Won"
140,1,2022-07-16 09:45:20,"YES","IFK Norrkoping - Malmo FF","Allsvenskan","Three way 1x2","Full Time","N","Malmo FF",2.3,"Bet Won"
140,2,2022-07-16 23:09:45,"YES","IK Sirius FK - Degerfors IF","Allsvenskan","Three way 1x2","Full Time","N","IK Sirius FK",2,"Bet Won"
141,1,2022-07-16 17:20:15,"YES","Djurg?rdens IF - IFK Varnamo","Allsvenskan","Three way 1x2","Full Time","N","Djurg?rdens IF",1.42,"Bet Won"
142,1,2022-07-16 20:55:24,"YES","Helsingborgs IF - GIF Sundsvall","Allsvenskan","Result","Correct Score","N","1-1",6.75,"Bet Won"
142,2,2022-07-16 20:55:39,"YES","Helsingborgs IF - GIF Sundsvall","Allsvenskan","Result","Correct Score","N","2-2",12.5,"Bet Won"
142,3,2022-07-16 21:02:36,"YES","Varbergs BoIS - Helsingborgs IF","Allsvenskan","Three way 1x2","Full Time","N","X",3.6,"Bet Won"
142,4,2022-07-17 18:45:37,"YES","Varbergs BoIS - Helsingborgs IF","Allsvenskan","Three way 1x2","Full Time","N","X",3.6,"Bet Won"
142,5,2022-07-17 18:45:51,"YES","Varbergs BoIS - Helsingborgs IF","Allsvenskan","Result","Correct Score","N","1-1",6.5,"Bet Won"
142,6,2022-07-17 18:46:05,"YES","Varbergs BoIS - Helsingborgs IF","Allsvenskan","Result","Correct Score","N","2-2",14,"Bet Won"
142,7,2022-07-17 19:41:45,"YES","Varbergs BoIS - Helsingborgs IF","Allsvenskan","Result","Correct Score","N","1-1",6.5,"Bet Won"
142,8,2022-07-17 19:42:00,"YES","Varbergs BoIS - Helsingborgs IF","Allsvenskan","Result","Correct Score","N","2-2",14,"Bet Won"
143,1,2022-07-16 18:28:56,"YES","Djurg?rdens IF - IFK Varnamo","Allsvenskan","Over Under","Total Corners by Home Team 7.5","Y","Over",1.26,"Bet Won"
144,1,2022-07-17 16:30:05,"YES","Hammarby IF - IF Elfsborg","Allsvenskan","Over Under","Total Corners by Home Team 5.5","Y","Over",2.85,"Bet Won"
144,2,2022-07-17 16:30:49,"YES","Hammarby IF - IF Elfsborg","Allsvenskan","Over Under","Total Corners by Away Team 6.5","Y","Over",2.32,"Bet Lost"
145,1,2022-07-12 18:31:33,"YES","Landskrona BoIS - Halmstads BK","Superettan","Three way 1x2","Full Time","N","Halmstads BK",1.8,"Bet Lost"
145,2,2022-07-16 09:51:33,"YES","Djurg?rdens IF - IFK Varnamo","Allsvenskan","Three way 1x2","Full Time","N","Djurg?rdens IF",1.43,"Bet Won"
145,3,2022-07-17 07:03:40,"YES","Hammarby IF - IF Elfsborg","Allsvenskan","Three way 1x2","Full Time","N","Hammarby IF",1.96,"Bet Won"
146,1,2022-07-16 17:36:31,"YES","Djurg?rdens IF - IFK Varnamo","Allsvenskan","Two Way Handicap Draw No Bet","Handicap - 1st Half -1.5","Y","Djurg?rdens IF",5.5,"Bet Won"
146,2,2022-07-16 18:49:21,"YES","Djurg?rdens IF - IFK Varnamo","Allsvenskan","Player Occurrence Number","Scorer of Goal ({0}) - Full Time (For own goals, the subsequent scorer will be deemed the winner)","Y","Asoro, Joel",6.25,"Bet Lost"
147,1,2022-07-17 15:26:26,"YES","AIK - Kalmar FF","Allsvenskan","Three way 1x2","Full Time","Y","AIK",1.98,"Bet Won"
148,1,2022-07-12 19:22:25,"YES","Landskrona BoIS - Halmstads BK","Superettan","Occurrence To Happen","Both Teams To Score","Y","Yes",2.2,"Bet Won"
149,1,2022-07-17 16:07:27,"YES","Hammarby IF - IF Elfsborg","Allsvenskan","Next Occurrence Number","Next Goal ({0}) (Draw: No More Goals)","Y","Hammarby IF",1.94,"Bet Won"
150,1,2022-07-16 17:38:34,"YES","Djurg?rdens IF - IFK Varnamo","Allsvenskan","Three Way Handicap","3-Way Handicap -1","Y","Djurg?rdens IF",2.18,"Bet Won"
151,1,2022-07-16 15:02:27,"YES","IFK Norrkoping - Malmo FF","Allsvenskan","Three way 1x2","Full Time","Y","Malmo FF",1.93,"Bet Won"
151,2,2022-07-16 17:02:34,"YES","Djurg?rdens IF - IFK Varnamo","Allsvenskan","Asian Handicap","Asian Handicap -1.5","N","Djurg?rdens IF",2.12,"Bet Won"
151,3,2022-07-17 13:53:33,"YES","AIK - Kalmar FF","Allsvenskan","Three way 1x2","Full Time","N","AIK",1.83,"Bet Won"
152,1,2022-07-16 14:30:01,"YES","IFK Norrkoping - Malmo FF","Allsvenskan","Double Chance","Double Chance","N","1X",1.73,"Bet Lost"
153,1,2022-07-16 18:03:12,"YES","Ostersunds FK - Osters IF","Superettan","Over Under","Total Corners 11.5","Y","Over",2.8,"Bet Lost"
153,2,2022-07-17 14:36:02,"YES","AIK - Kalmar FF","Allsvenskan","Over Under","Total Corners by Home Team 7.5","N","Over",2.95,"Bet Lost"
153,3,2022-07-17 15:49:17,"YES","AIK - Kalmar FF","Allsvenskan","Over Under","Total Corners by Away Team 4.5","Y","Over",3.3,"Bet Lost"
154,1,2022-07-12 19:02:52,"YES","Landskrona BoIS - Halmstads BK","Superettan","Asian Over/Under","Asian Total - 1st Half 1","Y","Over",1.92,"Bet Won"
154,2,2022-07-12 20:19:22,"YES","Landskrona BoIS - Halmstads BK","Superettan","Over Under","Total Goals 2.5","Y","Over",2.55,"Bet Won"
154,3,2022-07-12 20:52:50,"YES","Landskrona BoIS - Halmstads BK","Superettan","Next Occurrence Number","Next Goal ({0}) (Draw: No More Goals)","Y","Halmstads BK",5.4,"Bet Lost"
154,4,2022-07-16 17:05:30,"YES","Ostersunds FK - Osters IF","Superettan","Over Under","Total Goals - 1st Half 1.5","Y","Over",3.3,"Bet Lost"
154,5,2022-07-17 13:25:26,"YES","Vaster?s SK FK - Landskrona BoIS","Superettan","Occurrence To Happen","Both Teams To Score","Y","Yes",1.98,"Bet Won"
155,1,2022-07-16 16:29:32,"YES","IFK Norrkoping - Malmo FF","Allsvenskan","Over Under","Total Corners by Away Team 8.5","Y","Over",2.65,"Bet Won"
155,4,2022-07-16 18:42:20,"YES","Djurg?rdens IF - IFK Varnamo","Allsvenskan","Over Under","Total Corners by Home Team 9.5","Y","Over",2.55,"Bet Lost"
156,1,2022-07-16 17:43:18,"YES","Djurg?rdens IF - IFK Varnamo","Allsvenskan","Three way 1x2","Half Time","Y","Djurg?rdens IF",2.06,"Bet Won"
156,2,2022-07-17 15:19:25,"YES","Halmstads BK - Utsiktens BK","Superettan","Three way 1x2","Half Time","Y","Halmstads BK",2.7,"Bet Won"
156,3,2022-07-17 15:19:54,"YES","IFK Goteborg - Mjallby AIF","Allsvenskan","Over Under","Total Goals by Away Team - 1st Half 0.5","Y","Over",3.85,"Bet Lost"
156,4,2022-07-17 16:02:48,"YES","Halmstads BK - Utsiktens BK","Superettan","Next Occurrence Number","Next Goal ({0}) (Draw: No More Goals)","Y","Halmstads BK",1.91,"Bet Won"
157,1,2022-07-16 14:48:14,"YES","Djurg?rdens IF - IFK Varnamo","Allsvenskan","Three way 1x2","Full Time","N","Djurg?rdens IF",1.42,"Bet Won"
158,1,2022-07-12 17:47:03,"YES","Orebro SK - Trelleborgs FF","Superettan","Asian Handicap","Asian Handicap 0","N","Trelleborgs FF",1.98,"Bet Won"
158,2,2022-07-17 14:44:26,"YES","AIK - Kalmar FF","Allsvenskan","Three way 1x2","Full Time","N","AIK",1.85,"Bet Won"
159,1,2022-07-17 15:19:49,"YES","AIK - Kalmar FF","Allsvenskan","Over Under","Total Goals - 1st Half 0.5","Y","Under",1.89,"Bet Lost"
159,2,2022-07-17 16:33:37,"YES","AIK - Kalmar FF","Allsvenskan","Over Under","Total Goals 1.5","Y","Under",1.65,"Bet Won"
160,1,2022-07-11 23:45:51,"YES","Djurg?rdens IF - IFK Varnamo","Allsvenskan","Three way 1x2","Full Time","N","Djurg?rdens IF",1.47,"Bet Won"
161,1,2022-01-07 12:44:36,"YES","Allsvenskan 2022","Allsvenskan","Position","Season Finishing Position","N","AIK",6,"Bet Won"
162,1,2022-07-16 14:11:10,"YES","IFK Norrkoping - Malmo FF","Allsvenskan","Double Chance","Double Chance","N","X2",1.38,"Bet Won"
163,2,2022-07-12 18:58:35,"YES","Landskrona BoIS - Halmstads BK","Superettan","Three way 1x2","Half Time","N","Halmstads BK",2.5,"Bet Won"
163,1,2022-07-12 18:58:35,"YES","Landskrona BoIS - Halmstads BK","Superettan","Over Under","Total Goals 2.5","N","Over",2.05,"Bet Won"
163,3,2022-07-12 18:58:35,"YES","Landskrona BoIS - Halmstads BK","Superettan","Two Way Handicap Draw No Bet","Handicap 1.5","N","Halmstads BK",3.35,"Bet Lost"
164,1,2022-07-16 15:17:35,"YES","IFK Norrkoping - Malmo FF","Allsvenskan","Over Under","Total Corners 10.5","Y","Under",1.75,"Bet Lost"
164,2,2022-07-16 15:24:44,"YES","IFK Norrkoping - Malmo FF","Allsvenskan","Over Under","Total Corners 12.5","Y","Under",1.76,"Bet Lost"
164,3,2022-07-16 15:59:51,"YES","IFK Norrkoping - Malmo FF","Allsvenskan","Over Under","Total Corners 14.5","Y","Under",1.9,"Bet Lost"
165,1,2022-07-12 20:44:26,"YES","Landskrona BoIS - Halmstads BK","Superettan","Over Under","Total Corners 10.5","Y","Over",2.12,"Bet Lost"
165,2,2022-07-17 15:01:02,"YES","AIK - Kalmar FF","Allsvenskan","Over Under","Total Corners by Away Team 3.5","Y","Over",1.58,"Bet Lost"
166,1,2022-07-12 19:10:58,"YES","Landskrona BoIS - Halmstads BK","Superettan","Three way 1x2","Full Time","Y","Halmstads BK",1.83,"Bet Lost"
167,1,2022-07-17 14:27:36,"YES","AIK - Kalmar FF","Allsvenskan","Three way 1x2","Full Time","N","AIK",1.92,"Bet Won"
167,2,2022-07-17 14:27:54,"YES","IK Sirius FK - Degerfors IF","Allsvenskan","Three way 1x2","Full Time","N","IK Sirius FK",1.83,"Bet Won"
168,1,2022-07-16 14:05:31,"YES","IFK Norrkoping - Malmo FF","Allsvenskan","Three way 1x2","Half Time","N","Malmo FF",2.75,"Bet Won"
169,1,2022-07-09 00:21:44,"YES","Allsvenskan 2022","Allsvenskan","Position","Season Finishing Position","N","Djurg?rdens IF",4,"Bet Won"
170,1,2022-07-16 16:43:37,"YES","Skovde AIK - IK Brage","Superettan","Next Occurrence Number","Next Goal ({0}) (Draw: No More Goals)","Y","IK Brage",8.5,"Bet Lost"
170,2,2022-07-16 16:45:30,"YES","IFK Norrkoping - Malmo FF","Allsvenskan","Over Under","Total Goals 2.5","Y","Over",3.05,"Bet Lost"
171,1,2022-07-16 15:03:31,"YES","IFK Norrkoping - Malmo FF","Allsvenskan","Occurrence To Happen","Both Teams To Score","Y","Yes",1.71,"Bet Lost"
172,1,2022-07-16 17:25:16,"YES","Djurg?rdens IF - IFK Varnamo","Allsvenskan","Over Under","Total Corners by Home Team 6.5","N","Over",2.02,"Bet Won"
173,1,2022-07-12 19:01:21,"YES","Orebro SK - Trelleborgs FF","Superettan","Three way 1x2","Half Time","Y","Orebro SK",3.15,"Bet Won"
173,2,2022-07-12 19:30:12,"YES","Landskrona BoIS - Halmstads BK","Superettan","Three Way Handicap","3-Way Handicap - 1st Half 1","Y","Landskrona BoIS",6,"Bet Lost"
173,3,2022-07-12 20:06:43,"YES","Landskrona BoIS - Halmstads BK","Superettan","Next Occurrence Number","Next Goal ({0}) (Draw: No More Goals)","Y","Landskrona BoIS",3.6,"Bet Won"
173,4,2022-07-12 20:09:15,"YES","Landskrona BoIS - Halmstads BK","Superettan","Next Occurrence Number","Next Goal ({0}) (Draw: No More Goals)","Y","Landskrona BoIS",3.6,"Bet Won"
173,5,2022-07-12 20:10:49,"YES","Landskrona BoIS - Halmstads BK","Superettan","Next Occurrence Number","Next Goal ({0}) (Draw: No More Goals)","Y","Landskrona BoIS",3.6,"Bet Won"
173,6,2022-07-12 20:40:32,"YES","Landskrona BoIS - Halmstads BK","Superettan","Three way 1x2","Full Time","Y","Landskrona BoIS",7,"Bet Won"
173,7,2022-07-16 15:06:29,"YES","Dalkurd FF - Orebro SK","Superettan","Double Chance","Double Chance - 1st Half","Y","1X",3.6,"Bet Lost"
173,8,2022-07-17 13:21:33,"YES","Vaster?s SK FK - Landskrona BoIS","Superettan","Three way 1x2","Half Time","Y","Landskrona BoIS",4.75,"Bet Won"
173,9,2022-07-17 14:18:05,"YES","Vaster?s SK FK - Landskrona BoIS","Superettan","Next Occurrence Number","Next Goal ({0}) (Draw: No More Goals)","Y","Landskrona BoIS",3.05,"Bet Won"
173,10,2022-07-17 14:52:58,"YES","IFK Goteborg - Mjallby AIF","Allsvenskan","Three way 1x2","Half Time","N","IFK Goteborg",2.8,"Bet Won"
174,1,2022-07-11 20:55:24,"YES","Hammarby IF - IF Elfsborg","Allsvenskan","Three way 1x2","Full Time","N","Hammarby IF",2,"Bet Won"
175,1,2022-07-16 10:21:19,"YES","Djurg?rdens IF - IFK Varnamo","Allsvenskan","Three way 1x2","Full Time","N","Djurg?rdens IF",1.43,"Bet Won"
176,1,2022-07-12 17:48:15,"YES","Orebro SK - Trelleborgs FF","Superettan","Three way 1x2","Full Time","N","Orebro SK",2.5,"Bet Lost"
177,1,2022-07-12 17:06:18,"YES","Landskrona BoIS - Halmstads BK","Superettan","Three way 1x2","Full Time","N","Halmstads BK",1.88,"Bet Lost"
178,1,2022-07-17 14:03:33,"YES","Hammarby IF - IF Elfsborg","Allsvenskan","Over Under","Total Corners by Home Team 7.5","N","Over",2.48,"Bet Lost"
179,1,2022-07-16 16:20:48,"YES","Djurg?rdens IF - IFK Varnamo","Allsvenskan","Three way 1x2","Full Time","N","Djurg?rdens IF",1.42,"Bet Won"
180,1,2022-07-16 12:09:48,"YES","Djurg?rdens IF - IFK Varnamo","Allsvenskan","Three Way Handicap","3-Way Handicap -1","N","Djurg?rdens IF",2,"Bet Won"
181,1,2022-07-16 14:08:07,"YES","Skovde AIK - IK Brage","Superettan","Three way 1x2","Full Time","N","Skovde AIK",2.25,"Bet Won"
182,1,2022-07-17 14:18:05,"YES","AIK - Kalmar FF","Allsvenskan","Asian Handicap","Asian Handicap -1","N","AIK",2.63,"Bet Won"
183,1,2022-07-12 20:19:32,"YES","Landskrona BoIS - Halmstads BK","Superettan","Next Occurrence Number","Next Goal ({0}) (Draw: No More Goals)","Y","Halmstads BK",1.88,"Bet Lost"
184,1,2022-07-17 15:06:41,"YES","Halmstads BK - Utsiktens BK","Superettan","Over Under","Total Corners - 1st Half 7.5","Y","Over",2.05,"Bet Won"
185,1,2022-07-16 14:42:59,"YES","Djurg?rdens IF - IFK Varnamo","Allsvenskan","Asian Handicap","Asian Handicap -1.5","N","Djurg?rdens IF",2.12,"Bet Won"
185,2,2022-07-17 14:52:07,"YES","Hammarby IF - IF Elfsborg","Allsvenskan","Over Under","Total Corners by Home Team 6.5","N","Over",1.88,"Bet Lost"
186,1,2022-07-11 21:02:36,"YES","Djurg?rdens IF - IFK Varnamo","Allsvenskan","Asian Handicap","Asian Handicap -1","N","Djurg?rdens IF",1.84,"Bet Won"
187,1,2022-07-17 14:56:32,"YES","AIK - Kalmar FF","Allsvenskan","Player Occurrence Line","To score 1","N","Guidetti, John - Yes",2.38,"Bet Lost"
188,1,2022-07-17 14:26:12,"YES","AIK - Kalmar FF","Allsvenskan","Three way 1x2","Full Time","N","X",3.6,"Bet Lost"
189,1,2022-07-12 20:04:41,"YES","Orebro SK - Trelleborgs FF","Superettan","Over Under","Total Corners 7.5","Y","Over",1.54,"Bet Lost"
190,1,2022-07-17 15:19:16,"YES","IFK Goteborg - Mjallby AIF","Allsvenskan","Asian Over/Under","Asian Total - 1st Half 0.5","Y","Over",2.08,"Bet Won"
191,1,2022-07-12 18:49:27,"YES","Landskrona BoIS - Halmstads BK","Superettan","Asian Over/Under","Asian Total 2.25","N","Over",1.78,"Bet Won"
192,1,2022-07-17 12:53:21,"YES","Vaster?s SK FK - Landskrona BoIS","Superettan","Three way 1x2","Full Time","N","Landskrona BoIS",3.95,"Bet Lost"
193,1,2022-07-17 15:07:11,"YES","AIK - Kalmar FF","Allsvenskan","Player Occurrence Number","First Goal Scorer","Y","Guidetti, John",4.5,"Bet Lost"
194,1,2022-07-16 14:54:16,"YES","IFK Norrkoping - Malmo FF","Allsvenskan","Three way 1x2","Full Time","N","Malmo FF",1.98,"Bet Won"
195,1,2022-07-16 16:16:19,"YES","Dalkurd FF - Orebro SK","Superettan","Three way 1x2","Full Time","Y","Orebro SK",1.06,"Bet Won"
196,1,2022-07-16 17:02:13,"YES","Ostersunds FK - Osters IF","Superettan","Over Under","Total Goals - 1st Half 1.5","Y","Over",3.05,"Bet Won"
197,1,2022-07-12 20:05:49,"YES","Landskrona BoIS - Halmstads BK","Superettan","Over Under","Total Corners 12.5","Y","Over",1.43,"Bet Lost"
198,1,2022-07-17 15:32:01,"YES","AIK - Kalmar FF","Allsvenskan","Three way 1x2","Full Time","Y","AIK",2.04,"Bet Won"
199,1,2022-07-16 19:23:13,"YES","IFK Goteborg - Mjallby AIF","Allsvenskan","Three way 1x2","Full Time","N","Mjallby AIF",3.65,"Bet Lost"
200,1,2022-07-12 19:24:03,"YES","Landskrona BoIS - Halmstads BK","Superettan","Over Under","Total Goals 0.5","Y","Over",1.07,"Bet Won"
200,2,2022-07-12 19:46:44,"YES","Orebro SK - Trelleborgs FF","Superettan","Over Under","Total Goals 5.5","Y","Under",1.05,"Bet Won"
201,1,2022-07-11 22:17:56,"YES","Landskrona BoIS - Halmstads BK","Superettan","Asian Over/Under","Asian Total 2","N","Over",1.41,"Bet Won"
202,1,2022-07-12 19:54:37,"YES","Orebro SK - Trelleborgs FF","Superettan","Over Under","Total Goals - {0}:00-{1}:59 0.5","Y","Over",2.75,"Bet Won"
202,2,2022-07-12 19:54:37,"YES","Landskrona BoIS - Halmstads BK","Superettan","Over Under","Total Goals - {0}:00-{1}:59 0.5","Y","Over",2.55,"Bet Lost"
203,1,2022-07-17 14:58:56,"YES","Hammarby IF - IF Elfsborg","Allsvenskan","Three way 1x2","Full Time","N","Hammarby IF",1.95,"Bet Won"
204,1,2022-07-17 14:29:23,"YES","IK Sirius FK - Degerfors IF","Allsvenskan","Result","Correct Score","N","1-0",9.5,"Bet Lost"
204,2,2022-07-17 14:29:36,"YES","IK Sirius FK - Degerfors IF","Allsvenskan","Result","Correct Score","N","3-0",14,"Bet Lost"
205,1,2022-07-12 23:10:14,"YES","AIK - Kalmar FF","Allsvenskan","Three way 1x2","Full Time","N","AIK",1.83,"Bet Won"
205,2,2022-07-16 15:13:27,"YES","AIK - Kalmar FF","Allsvenskan","Three way 1x2","Full Time","N","AIK",1.87,"Bet Won"
205,3,2022-07-17 00:59:24,"YES","AIK - Kalmar FF","Allsvenskan","Three way 1x2","Full Time","N","AIK",1.87,"Bet Won"
206,1,2022-07-12 02:55:12,"YES","Orebro SK - Trelleborgs FF","Superettan","Three way 1x2","Full Time","N","Trelleborgs FF",2.95,"Bet Lost"
206,2,2022-07-12 15:45:43,"YES","Orebro SK - Trelleborgs FF","Superettan","HT/FT","Half Time/Full Time","N","2/2",4.35,"Bet Lost"
207,1,2022-07-16 14:23:04,"YES","IFK Norrkoping - Malmo FF","Allsvenskan","Over Under","Total Corners 12.5","N","Over",3.3,"Bet Won"
207,2,2022-07-17 14:23:42,"YES","IFK Goteborg - Mjallby AIF","Allsvenskan","Over Under","Total Corners 8.5","N","Under",3.3,"Bet Lost"
208,1,2022-07-12 00:21:52,"YES","Landskrona BoIS - Halmstads BK","Superettan","Three way 1x2","Full Time","N","Halmstads BK",1.85,"Bet Lost"
208,2,2022-07-17 08:56:42,"YES","Halmstads BK - Utsiktens BK","Superettan","Three way 1x2","Full Time","N","Halmstads BK",1.62,"Bet Won"
209,1,2022-07-16 13:52:43,"YES","Skovde AIK - IK Brage","Superettan","Three way 1x2","Full Time","N","X",3.45,"Bet Won"
209,2,2022-07-17 00:26:45,"YES","IFK Goteborg - Mjallby AIF","Allsvenskan","Three way 1x2","Full Time","N","X",3.4,"Bet Won"
210,1,2022-07-11 21:39:00,"YES","Djurg?rdens IF - IFK Varnamo","Allsvenskan","Asian Handicap","Asian Handicap -1","N","Djurg?rdens IF",1.84,"Bet Won"
211,1,2022-07-12 20:48:21,"YES","Landskrona BoIS - Halmstads BK","Superettan","Over Under","Total Goals 3.5","Y","Over",3.2,"Bet Lost"
212,1,2022-07-16 14:15:55,"YES","Djurg?rdens IF - IFK Varnamo","Allsvenskan","Three way 1x2","Full Time","N","Djurg?rdens IF",1.42,"Bet Won"
213,1,2022-07-12 12:42:52,"YES","Landskrona BoIS - Halmstads BK","Superettan","Three way 1x2","Full Time","N","Halmstads BK",1.72,"Bet Lost"
213,2,2022-07-12 19:01:07,"YES","Orebro SK - Trelleborgs FF","Superettan","Three way 1x2","Full Time","Y","X",3.4,"Bet Won"
213,3,2022-07-16 12:48:11,"YES","IFK Norrkoping - Malmo FF","Allsvenskan","Three way 1x2","Full Time","N","Malmo FF",2.2,"Bet Won"
213,4,2022-07-16 12:48:55,"YES","Dalkurd FF - Orebro SK","Superettan","Three way 1x2","Full Time","N","X",3.75,"Bet Lost"
213,5,2022-07-16 16:55:33,"YES","Ostersunds FK - Osters IF","Superettan","Three way 1x2","Full Time","N","Osters IF",1.73,"Bet Lost"
214,1,2022-07-17 14:51:16,"YES","Hammarby IF - IF Elfsborg","Allsvenskan","Player Occurrence Line","To score 1","N","Besara, Nahir - Yes",2.95,"Bet Lost"
215,1,2022-07-17 12:26:48,"YES","IK Sirius FK - Degerfors IF","Allsvenskan","Three way 1x2","Full Time","N","IK Sirius FK",1.78,"Bet Won"
215,2,2022-07-17 12:31:32,"YES","IFK Goteborg - Mjallby AIF","Allsvenskan","Three way 1x2","Full Time","N","IFK Goteborg",2.3,"Bet Lost"
216,1,2022-07-11 22:27:48,"YES","Djurg?rdens IF - IFK Varnamo","Allsvenskan","Asian Handicap","Asian Handicap -1","N","Djurg?rdens IF",1.84,"Bet Won"
216,2,2022-07-11 22:28:39,"YES","Djurg?rdens IF - IFK Varnamo","Allsvenskan","Asian Handicap","Asian Handicap -1","N","Djurg?rdens IF",1.84,"Bet Won"
216,3,2022-07-11 22:28:52,"YES","Djurg?rdens IF - IFK Varnamo","Allsvenskan","Asian Handicap","Asian Handicap -0.75","N","Djurg?rdens IF",1.63,"Bet Won"
216,4,2022-07-11 22:29:01,"YES","Djurg?rdens IF - IFK Varnamo","Allsvenskan","Asian Handicap","Asian Handicap -0.25","N","Djurg?rdens IF",1.34,"Bet Won"
216,5,2022-07-17 13:50:19,"YES","IK Sirius FK - Degerfors IF","Allsvenskan","Three way 1x2","Full Time","N","IK Sirius FK",1.83,"Bet Won"
216,6,2022-07-17 14:00:52,"YES","IK Sirius FK - Degerfors IF","Allsvenskan","Three way 1x2","Full Time","N","IK Sirius FK",1.83,"Bet Won"
217,1,2022-07-17 13:55:28,"YES","AIK - Kalmar FF","Allsvenskan","Asian Handicap","Asian Handicap 1.5","N","Kalmar FF",14,"Bet Lost"
218,1,2022-07-12 19:46:48,"YES","Orebro SK - Trelleborgs FF","Superettan","Two Way Draw No Bet","Draw No Bet","Y","Orebro SK",1.65,"Bet Won"
219,1,2022-07-16 17:04:08,"YES","Djurg?rdens IF - IFK Varnamo","Allsvenskan","Three way 1x2","Full Time","N","Djurg?rdens IF",1.42,"Bet Won"
220,1,2022-07-16 15:10:39,"YES","IFK Norrkoping - Malmo FF","Allsvenskan","Three way 1x2","Full Time","Y","Malmo FF",2.08,"Bet Won"
220,2,2022-07-16 16:06:00,"YES","Djurg?rdens IF - IFK Varnamo","Allsvenskan","Asian Handicap","Asian Handicap -2","N","Djurg?rdens IF",3.1,"Bet Won"
221,1,2022-07-16 18:42:52,"YES","Djurg?rdens IF - IFK Varnamo","Allsvenskan","Next Occurrence Number","Next Goal ({0}) (Draw: No More Goals)","Y","Djurg?rdens IF",1.75,"Bet Won"
222,1,2022-07-16 18:17:36,"YES","Djurg?rdens IF - IFK Varnamo","Allsvenskan","Over Under","Total Corners by Home Team 9.5","Y","Over",3.2,"Bet Lost"
222,2,2022-07-16 18:17:58,"YES","Djurg?rdens IF - IFK Varnamo","Allsvenskan","Over Under","Total Corners by Home Team 8.5","Y","Over",1.88,"Bet Lost"
223,1,2022-07-16 15:17:16,"YES","IFK Norrkoping - Malmo FF","Allsvenskan","Over Under","Total Goals by Away Team 2.5","Y","Under",1.38,"Bet Won"
223,2,2022-07-16 15:17:16,"YES","IFK Norrkoping - Malmo FF","Allsvenskan","Over Under","Total Goals by Away Team 3.5","Y","Over",7.5,"Bet Lost"
223,3,2022-07-16 16:20:08,"YES","IFK Norrkoping - Malmo FF","Allsvenskan","Result","Correct Score","Y","0-2",2.85,"Bet Won"
223,4,2022-07-16 16:20:08,"YES","IFK Norrkoping - Malmo FF","Allsvenskan","Result","Correct Score","Y","1-2",6,"Bet Lost"
223,5,2022-07-16 16:20:29,"YES","IFK Norrkoping - Malmo FF","Allsvenskan","Over Under","Total Goals by Away Team 3.5","Y","Over",6.25,"Bet Lost"
224,1,2022-07-16 16:38:09,"YES","Skovde AIK - IK Brage","Superettan","Three way 1x2","Full Time","Y","Skovde AIK",4.9,"Bet Lost"
224,2,2022-07-17 16:15:38,"YES","IFK Goteborg - Mjallby AIF","Allsvenskan","Three way 1x2","Full Time","Y","X",4.4,"Bet Won"
225,1,2022-07-12 19:37:59,"YES","Landskrona BoIS - Halmstads BK","Superettan","Over Under","Total Goals - 1st Half 1.5","Y","Over",2.8,"Bet Lost"
225,2,2022-07-12 19:41:17,"YES","Landskrona BoIS - Halmstads BK","Superettan","Over Under","Total Goals by Away Team 2.5","Y","Over",2.6,"Bet Lost"
226,1,2022-07-17 08:44:57,"YES","IFK Goteborg - Mjallby AIF","Allsvenskan","Three way 1x2","Full Time","N","IFK Goteborg",2.22,"Bet Lost"
227,1,2022-07-16 14:05:53,"YES","IFK Norrkoping - Malmo FF","Allsvenskan","Asian Over/Under","Asian Total 2.5","N","Over",1.88,"Bet Lost"
228,1,2022-07-16 18:58:04,"YES","Djurg?rdens IF - IFK Varnamo","Allsvenskan","Over Under","Total Corners 13.5","Y","Over",2.48,"Bet Lost"
229,1,2022-07-17 11:42:27,"YES","Halmstads BK - Utsiktens BK","Superettan","Over Under","Total Goals 2.5","N","Over",1.76,"Bet Won"
230,1,2022-07-12 19:22:13,"YES","Orebro SK - Trelleborgs FF","Superettan","Three way 1x2","Half Time","Y","X",4.6,"Bet Won"
231,1,2022-07-16 18:21:29,"YES","Djurg?rdens IF - IFK Varnamo","Allsvenskan","Race To Value","First To {0} Corners (Draw: Neither team)","Y","Djurg?rdens IF",1.81,"Bet Lost"
232,1,2022-07-16 18:36:12,"YES","Djurg?rdens IF - IFK Varnamo","Allsvenskan","Over Under","Total Corners by Home Team 9.5","Y","Over",2.08,"Bet Lost"
232,2,2022-07-17 15:00:01,"YES","AIK - Kalmar FF","Allsvenskan","Over Under","Total Corners 10.5","Y","Over",1.97,"Bet Lost"
233,1,2022-07-11 23:55:12,"YES","Landskrona BoIS - Halmstads BK","Superettan","Double Chance","Double Chance","N","1X",1.96,"Bet Won"
234,1,2022-07-16 18:09:54,"YES","Djurg?rdens IF - IFK Varnamo","Allsvenskan","Three Way Handicap","3-Way Handicap -3","Y","Djurg?rdens IF",3.45,"Bet Won"
235,1,2022-07-16 14:06:11,"YES","IFK Norrkoping - Malmo FF","Allsvenskan","Three way 1x2","Full Time","N","Malmo FF",2.25,"Bet Won"
236,1,2022-07-17 15:02:07,"YES","Hammarby IF - IF Elfsborg","Allsvenskan","Over Under","Total Corners - 1st Half 5.5","Y","Over",2.02,"Bet Lost"
237,1,2022-07-17 16:40:07,"YES","AIK - Kalmar FF","Allsvenskan","Over Under","Total Corners by Away Team 1.5","Y","Over",2.04,"Bet Won"
238,1,2022-07-17 13:26:45,"YES","Vaster?s SK FK - Landskrona BoIS","Superettan","Over Under","Total Goals - 1st Half 0.5","Y","Over",1.9,"Bet Won"
239,1,2022-07-16 15:28:05,"YES","IFK Norrkoping - Malmo FF","Allsvenskan","Over Under","Total Corners - 1st Half 6.5","Y","Over",2.14,"Bet Won"
239,2,2022-07-16 15:43:22,"YES","IFK Norrkoping - Malmo FF","Allsvenskan","Over Under","Total Corners - 1st Half 8.5","Y","Over",1.78,"Bet Won"
239,3,2022-07-16 16:02:07,"YES","IFK Norrkoping - Malmo FF","Allsvenskan","Over Under","Total Goals 2.5","Y","Over",2.1,"Bet Lost"
239,4,2022-07-16 17:54:53,"YES","Djurg?rdens IF - IFK Varnamo","Allsvenskan","Over Under","Total Corners - 1st Half 6.5","Y","Over",2.5,"Bet Won"
239,5,2022-07-16 18:10:16,"YES","Djurg?rdens IF - IFK Varnamo","Allsvenskan","Over Under","Total Corners - 1st Half 7.5","Y","Over",1.97,"Bet Won"
240,1,2022-07-16 16:03:08,"YES","IFK Norrkoping - Malmo FF","Allsvenskan","Over Under","Total Corners by Home Team 7.5","Y","Over",2.55,"Bet Lost"
241,1,2022-07-17 15:04:52,"YES","IFK Goteborg - Mjallby AIF","Allsvenskan","Over Under","Total Goals 2.5","Y","Over",2.5,"Bet Lost"
242,1,2022-07-17 15:14:37,"YES","AIK - Kalmar FF","Allsvenskan","Next Occurrence Number Draw No Bet","Next Corner, No Corner No Bet ({0})","Y","AIK",1.55,"Bet Lost"
243,1,2022-07-17 15:39:02,"YES","Hammarby IF - IF Elfsborg","Allsvenskan","Occurrence To Happen","Both Teams To Score - 1st Half","Y","Yes",6,"Bet Lost"
244,1,2022-07-16 17:15:57,"YES","Djurg?rdens IF - IFK Varnamo","Allsvenskan","Over Under","Total Goals 4.5","N","Under",1.17,"Bet Lost"
245,1,2022-07-16 15:11:19,"YES","IFK Norrkoping - Malmo FF","Allsvenskan","Over Under","Total Goals - 1st Half 0.5","Y","Over",1.45,"Bet Won"
246,1,2022-07-16 18:04:30,"YES","Ostersunds FK - Osters IF","Superettan","Three way 1x2","Full Time","Y","Osters IF",5.2,"Bet Lost"
246,2,2022-07-17 13:22:23,"YES","Vaster?s SK FK - Landskrona BoIS","Superettan","Three way 1x2","Half Time","Y","Vaster?s SK FK",3.3,"Bet Won"
246,3,2022-07-17 14:46:08,"YES","AIK - Kalmar FF","Allsvenskan","Occurrence To Happen","Both Teams To Score - 1st Half","N","Yes",5.8,"Bet Lost"
246,4,2022-07-17 15:13:30,"YES","IFK Goteborg - Mjallby AIF","Allsvenskan","Three way 1x2","Half Time","Y","Mjallby AIF",4.5,"Bet Lost"
247,1,2022-07-17 16:44:51,"YES","AIK - Kalmar FF","Allsvenskan","Over Under","Total Goals 1.5","Y","Over",4.4,"Bet Lost"
248,1,2022-07-16 14:55:55,"YES","IFK Norrkoping - Malmo FF","Allsvenskan","Double Chance","Double Chance","N","X2",1.28,"Bet Won"
248,2,2022-07-16 15:17:15,"YES","Skovde AIK - IK Brage","Superettan","Double Chance","Double Chance","Y","X2",1.21,"Bet Won"
248,3,2022-07-16 16:56:09,"YES","Djurg?rdens IF - IFK Varnamo","Allsvenskan","Double Chance","Double Chance","N","1X",1.1,"Bet Won"
248,4,2022-07-16 17:05:39,"YES","Ostersunds FK - Osters IF","Superettan","Double Chance","Double Chance","Y","X2",1.18,"Bet Won"
248,5,2022-07-16 17:31:48,"YES","Ostersunds FK - Osters IF","Superettan","Double Chance","Double Chance","Y","1X",1.28,"Bet Won"
248,6,2022-07-17 14:25:24,"YES","IFK Goteborg - Mjallby AIF","Allsvenskan","Three way 1x2","Full Time","N","IFK Goteborg",2.22,"Bet Lost"
249,1,2022-07-12 19:14:10,"YES","Orebro SK - Trelleborgs FF","Superettan","Over Under","Total Goals 2.5","Y","Under",3.4,"Bet Lost"
250,1,2022-07-12 20:11:44,"YES","Orebro SK - Trelleborgs FF","Superettan","Over Under","Total Goals 3.5","Y","Over",1.25,"Bet Won"
251,1,2022-07-16 15:05:43,"YES","IFK Norrkoping - Malmo FF","Allsvenskan","Over Under","Total Corners - 1st Half 6.5","Y","Over",3.6,"Bet Won"
251,2,2022-07-16 15:06:01,"YES","IFK Norrkoping - Malmo FF","Allsvenskan","Over Under","Total Goals - 1st Half 1.5","Y","Over",2.8,"Bet Lost"
251,3,2022-07-16 16:02:10,"YES","IFK Norrkoping - Malmo FF","Allsvenskan","Over Under","Total Corners 16.5","Y","Over",4,"Bet Lost"
251,4,2022-07-16 16:02:27,"YES","IFK Norrkoping - Malmo FF","Allsvenskan","Over Under","Total Corners by Away Team 8.5","Y","Over",3.2,"Bet Won"
251,5,2022-07-16 16:02:45,"YES","IFK Norrkoping - Malmo FF","Allsvenskan","Over Under","Total Corners by Home Team 7.5","Y","Over",2.55,"Bet Lost"
252,1,2022-07-16 07:52:19,"YES","Djurg?rdens IF - IFK Varnamo","Allsvenskan","Three way 1x2","Full Time","N","Djurg?rdens IF",1.43,"Bet Won"
253,1,2022-07-16 18:29:20,"YES","Djurg?rdens IF - IFK Varnamo","Allsvenskan","Over Under","Total Goals 3.5","Y","Over",1.76,"Bet Won"
253,2,2022-07-16 18:56:43,"YES","Djurg?rdens IF - IFK Varnamo","Allsvenskan","Over Under","Total Goals 4.5","Y","Over",1.64,"Bet Won"
254,1,2022-07-12 20:35:04,"YES","Landskrona BoIS - Halmstads BK","Superettan","Three way 1x2","Full Time","Y","Halmstads BK",2.9,"Bet Lost"
255,1,2022-07-16 17:41:46,"YES","Djurg?rdens IF - IFK Varnamo","Allsvenskan","Asian Handicap","Asian Handicap ({0} - {1}) -1.25","Y","Djurg?rdens IF",1.98,"Bet Won"
256,1,2022-07-17 10:46:40,"YES","AIK - Kalmar FF","Allsvenskan","Three way 1x2","Full Time","N","AIK",1.8,"Bet Won"
257,1,2022-07-17 13:38:23,"YES","Vaster?s SK FK - Landskrona BoIS","Superettan","Over Under","Total Corners - 1st Half 5.5","Y","Over",1.64,"Bet Lost"
258,1,2022-07-16 17:41:13,"YES","Djurg?rdens IF - IFK Varnamo","Allsvenskan","Three way 1x2","Full Time","Y","Djurg?rdens IF",1.4,"Bet Won"
259,1,2022-07-12 15:44:00,"YES","Landskrona BoIS - Halmstads BK","Superettan","Asian Over/Under","Asian Total 2.5","N","Over",2.05,"Bet Won"
259,2,2022-07-16 14:50:50,"YES","Dalkurd FF - Orebro SK","Superettan","Over Under","Total Corners 13.5","N","Over",3.7,"Bet Lost"
259,3,2022-07-16 15:05:01,"YES","IFK Norrkoping - Malmo FF","Allsvenskan","Asian Handicap","Asian Handicap ({0} - {1}) 0","Y","IFK Norrkoping",2.8,"Bet Lost"
259,4,2022-07-16 17:40:51,"YES","Ostersunds FK - Osters IF","Superettan","Two Way Draw No Bet","Draw No Bet","Y","Osters IF",3.05,"Bet Won"
259,5,2022-07-17 14:17:06,"YES","Hammarby IF - IF Elfsborg","Allsvenskan","Over Under","Total Corners 13.5","N","Over",3.55,"Bet Lost"
259,6,2022-07-17 14:20:25,"YES","IFK Goteborg - Mjallby AIF","Allsvenskan","Asian Over/Under","Asian Total 3.5","N","Over",4.75,"Bet Lost"
260,1,2022-07-16 16:42:21,"YES","Djurg?rdens IF - IFK Varnamo","Allsvenskan","Three way 1x2","Full Time","N","Djurg?rdens IF",1.42,"Bet Won"
261,1,2022-07-12 20:29:14,"YES","Orebro SK - Trelleborgs FF","Superettan","Over Under","Total Goals 4.5","Y","Over",1.82,"Bet Won"
262,1,2022-07-12 12:23:04,"YES","Djurg?rdens IF - IFK Varnamo","Allsvenskan","Asian Handicap","Asian Handicap -1","N","Djurg?rdens IF",1.71,"Bet Won"
262,2,2022-07-17 00:15:30,"YES","Hammarby IF - IF Elfsborg","Allsvenskan","Over Under","Total Corners 10.5","N","Over",1.75,"Bet Won"
263,1,2022-07-16 14:48:22,"YES","IFK Norrkoping - Malmo FF","Allsvenskan","Over Under","Total Goals 1.5","N","Over",1.27,"Bet Won"
263,2,2022-07-16 17:17:07,"YES","Djurg?rdens IF - IFK Varnamo","Allsvenskan","Over Under","Total Goals by Home Team 1.5","N","Over",1.46,"Bet Won"
263,3,2022-07-16 17:18:30,"YES","Djurg?rdens IF - IFK Varnamo","Allsvenskan","Over Under","Total Goals by Home Team 1.5","N","Over",1.46,"Bet Won"
263,4,2022-07-17 14:44:32,"YES","Hammarby IF - IF Elfsborg","Allsvenskan","Over Under","Total Goals 1.5","N","Over",1.16,"Bet Won"
264,1,2022-07-17 13:06:10,"YES","Vaster?s SK FK - Landskrona BoIS","Superettan","Double Chance","Double Chance","Y","X2",1.86,"Bet Lost"
265,1,2022-07-17 16:36:49,"YES","IK Sirius FK - Degerfors IF","Allsvenskan","Over Under","Total Goals 1.5","Y","Over",1.85,"Bet Won"
265,2,2022-07-17 16:38:33,"YES","IFK Goteborg - Mjallby AIF","Allsvenskan","Next Occurrence Number","Next Goal ({0}) (Draw: No More Goals)","Y","Mjallby AIF",5.5,"Bet Lost"
265,3,2022-07-17 16:43:15,"YES","AIK - Kalmar FF","Allsvenskan","Over Under","Total Corners 9.5","Y","Over",3.85,"Bet Won"
266,1,2022-07-16 15:40:55,"YES","IFK Norrkoping - Malmo FF","Allsvenskan","Three way 1x2","Most Corners","Y","IFK Norrkoping",2.35,"Bet Lost"
266,2,2022-07-16 16:10:55,"YES","IFK Norrkoping - Malmo FF","Allsvenskan","Three way 1x2","Most Corners","Y","X",6.4,"Bet Lost"
266,3,2022-07-16 19:07:11,"YES","Djurg?rdens IF - IFK Varnamo","Allsvenskan","Over Under","Total Corners by Home Team 8.5","Y","Over",2.08,"Bet Lost"
267,1,2022-07-16 15:21:55,"YES","IFK Norrkoping - Malmo FF","Allsvenskan","Two Way Handicap Draw No Bet","Handicap 1.5","Y","Malmo FF",2.4,"Bet Won"
268,1,2022-07-12 18:50:19,"YES","Landskrona BoIS - Halmstads BK","Superettan","Over Under","Total Goals - 1st Half 0.5","N","Over",1.37,"Bet Won"
269,1,2022-07-16 14:23:23,"YES","IFK Norrkoping - Malmo FF","Allsvenskan","Over Under","Total Corners 10.5","N","Over",1.87,"Bet Won"
270,1,2022-07-17 13:50:08,"YES","IFK Goteborg - Mjallby AIF","Allsvenskan","Three way 1x2","Full Time","N","IFK Goteborg",2.25,"Bet Won"
271,1,2022-07-16 00:12:32,"YES","IFK Norrkoping - Malmo FF","Allsvenskan","Three way 1x2","Full Time","N","Malmo FF",2.26,"Bet Won"
272,1,2022-07-16 11:21:06,"YES","IFK Norrkoping - Malmo FF","Allsvenskan","Over Under","Total Corners 10.5","N","Over",1.92,"Bet Won"
272,2,2022-07-16 11:21:36,"YES","Djurg?rdens IF - IFK Varnamo","Allsvenskan","Asian Handicap","Asian Handicap -1","N","Djurg?rdens IF",1.58,"Bet Won"
272,3,2022-07-17 12:38:43,"YES","Vaster?s SK FK - Landskrona BoIS","Superettan","Double Chance","Double Chance","N","X2",1.73,"Bet Lost"
272,4,2022-07-17 15:01:31,"YES","Hammarby IF - IF Elfsborg","Allsvenskan","Over Under","Total Corners 10.5","Y","Over",1.61,"Bet Won"
272,5,2022-07-17 15:01:57,"YES","AIK - Kalmar FF","Allsvenskan","Double Chance","Double Chance","Y","X2",2,"Bet Lost"
272,6,2022-07-17 15:02:23,"YES","IFK Goteborg - Mjallby AIF","Allsvenskan","Double Chance","Double Chance","Y","X2",1.71,"Bet Won"
272,7,2022-07-17 15:02:48,"YES","Halmstads BK - Utsiktens BK","Superettan","Three way 1x2","Full Time","Y","Halmstads BK",1.62,"Bet Won"
273,1,2022-07-12 20:38:47,"YES","Orebro SK - Trelleborgs FF","Superettan","Over Under","Total Goals 4.5","Y","Over",2.55,"Bet Lost"
273,2,2022-07-12 20:39:50,"YES","Landskrona BoIS - Halmstads BK","Superettan","Over Under","Total Goals 2.5","Y","Over",2.23,"Bet Won"
274,1,2022-07-10 14:59:07,"YES","Ostersunds FK - Osters IF","Superettan","Three way 1x2","Full Time","N","Osters IF",1.9,"Bet Lost"
275,1,2022-07-16 16:50:43,"YES","Djurg?rdens IF - IFK Varnamo","Allsvenskan","Three way 1x2","Full Time","N","Djurg?rdens IF",1.42,"Bet Won"
276,1,2022-07-16 17:33:13,"YES","Djurg?rdens IF - IFK Varnamo","Allsvenskan","Asian Handicap","Asian Handicap ({0} - {1}) -1.25","Y","Djurg?rdens IF",2.02,"Bet Won"
277,1,2022-07-16 17:31:03,"YES","Djurg?rdens IF - IFK Varnamo","Allsvenskan","Three way 1x2","Full Time","Y","Djurg?rdens IF",1.38,"Bet Won"
278,1,2022-07-16 17:43:16,"YES","Djurg?rdens IF - IFK Varnamo","Allsvenskan","Three way 1x2","Full Time","Y","Djurg?rdens IF",1.43,"Bet Won"
279,1,2022-07-16 14:18:00,"YES","IFK Norrkoping - Malmo FF","Allsvenskan","Three way 1x2","Full Time","N","Malmo FF",2.3,"Bet Won"
280,1,2022-07-16 18:08:23,"YES","Djurg?rdens IF - IFK Varnamo","Allsvenskan","Next Occurrence Number","Next Goal ({0}) (Draw: No More Goals)","Y","IFK Varnamo",3.4,"Bet Lost"
281,1,2022-07-16 10:49:40,"YES","IFK Norrkoping - Malmo FF","Allsvenskan","Three way 1x2","Full Time","N","Malmo FF",2.3,"Bet Won"
282,1,2022-07-16 12:16:42,"YES","IFK Norrkoping - Malmo FF","Allsvenskan","Double Chance","Double Chance","N","X2",1.37,"Bet Won"
282,2,2022-07-16 16:11:30,"YES","Djurg?rdens IF - IFK Varnamo","Allsvenskan","Three way 1x2","Full Time","N","Djurg?rdens IF",1.42,"Bet Won"
283,1,2022-07-16 14:50:41,"YES","IFK Norrkoping - Malmo FF","Allsvenskan","Three way 1x2","Full Time","N","Malmo FF",2.05,"Bet Won"
284,1,2022-07-17 14:21:09,"YES","IFK Goteborg - Mjallby AIF","Allsvenskan","Occurrence To Happen","Both Teams To Score","N","Yes",2.02,"Bet Won"
285,1,2022-07-16 17:41:38,"YES","Djurg?rdens IF - IFK Varnamo","Allsvenskan","Over Under","Total Corners 12.5","Y","Under",1.32,"Bet Won"
285,2,2022-07-17 01:04:41,"YES","Hammarby IF - IF Elfsborg","Allsvenskan","Over Under","Total Corners 9.5","N","Over",1.44,"Bet Won"
285,3,2022-07-17 01:04:52,"YES","Hammarby IF - IF Elfsborg","Allsvenskan","Over Under","Total Corners 9.5","N","Over",1.44,"Bet Won"
286,1,2022-07-16 15:04:19,"YES","IFK Norrkoping - Malmo FF","Allsvenskan","Asian Over/Under","Asian Total - 1st Half 1","Y","Over",1.79,"Bet Won"
286,2,2022-07-16 15:52:24,"YES","IFK Norrkoping - Malmo FF","Allsvenskan","Over Under","Total Corners 13.5","Y","Over",1.4,"Bet Won"
286,3,2022-07-16 18:40:26,"YES","Djurg?rdens IF - IFK Varnamo","Allsvenskan","Asian Over/Under","Asian Total 4","Y","Over",1.33,"Bet Won"
286,4,2022-07-17 15:27:17,"YES","Hammarby IF - IF Elfsborg","Allsvenskan","Asian Over/Under","Asian Total 2.75","Y","Over",1.44,"Bet Won"
287,1,2022-07-12 19:36:08,"YES","Landskrona BoIS - Halmstads BK","Superettan","Over Under","Total Goals by Away Team - 1st Half 1.5","Y","Over",3.65,"Bet Lost"
288,1,2022-07-16 10:41:44,"YES","IFK Norrkoping - Malmo FF","Allsvenskan","Three way 1x2","Full Time","N","Malmo FF",2.3,"Bet Won"
289,1,2022-07-16 09:11:46,"YES","IFK Norrkoping - Malmo FF","Allsvenskan","Three way 1x2","Full Time","N","Malmo FF",2.3,"Bet Won"
289,2,2022-07-17 13:17:53,"YES","AIK - Kalmar FF","Allsvenskan","Three way 1x2","Full Time","N","AIK",1.8,"Bet Won"
290,1,2022-07-17 14:57:47,"YES","Hammarby IF - IF Elfsborg","Allsvenskan","Over Under","Total Corners by Home Team 7.5","N","Over",2.6,"Bet Lost"
290,2,2022-07-17 14:57:58,"YES","Hammarby IF - IF Elfsborg","Allsvenskan","Three way 1x2","Full Time","N","Hammarby IF",1.95,"Bet Won"
291,1,2022-07-13 23:33:48,"YES","Ostersunds FK - Osters IF","Superettan","Three way 1x2","Full Time","N","Osters IF",1.75,"Bet Won"
291,2,2022-07-13 23:34:46,"YES","Hammarby IF - IF Elfsborg","Allsvenskan","Over Under","Total Goals 2.5","N","Over",1.63,"Bet Won"
291,3,2022-07-13 23:38:24,"YES","GIF Sundsvall - BK Hacken","Allsvenskan","Over Under","Total Goals 2.5","N","Over",1.5,"Bet Won"
291,4,2022-07-13 23:42:33,"YES","Hammarby IF - IF Elfsborg","Allsvenskan","Three way 1x2","Full Time","N","Hammarby IF",1.95,"Bet Won"
291,5,2022-07-13 23:42:33,"YES","IFK Goteborg - Mjallby AIF","Allsvenskan","Asian Handicap","Asian Handicap -0.5","N","Mjallby AIF",1.86,"Bet Won"
291,6,2022-07-15 18:40:37,"YES","Ostersunds FK - Osters IF","Superettan","Three way 1x2","Full Time","N","Osters IF",1.72,"Bet Lost"
291,7,2022-07-15 18:41:57,"YES","Hammarby IF - IF Elfsborg","Allsvenskan","Over Under","Total Goals 2.5","N","Over",1.61,"Bet Won"
292,1,2022-07-16 15:39:18,"YES","Ostersunds FK - Osters IF","Superettan","Asian Over/Under","Asian Total 2","N","Over",1.52,"Bet Won"
293,1,2022-07-16 15:58:31,"YES","IFK Norrkoping - Malmo FF","Allsvenskan","Double Chance","Double Chance","Y","1X",3.65,"Bet Lost"
294,1,2022-07-17 15:58:29,"YES","IFK Goteborg - Mjallby AIF","Allsvenskan","Over Under","Total Corners by Away Team 5.5","Y","Over",2.75,"Bet Lost"
295,1,2022-07-12 05:30:17,"YES","Landskrona BoIS - Halmstads BK","Superettan","Over Under","Total Corners by Away Team 5.5","N","Over",1.6,"Bet Won"
295,2,2022-07-13 11:35:32,"YES","IFK Norrkoping - Malmo FF","Allsvenskan","Occurrence To Happen","Both Teams To Score","N","Yes",1.7,"Bet Won"
296,1,2022-07-16 17:42:36,"YES","Djurg?rdens IF - IFK Varnamo","Allsvenskan","Three way 1x2","Half Time","Y","Djurg?rdens IF",2,"Bet Won"
297,1,2022-07-16 14:22:19,"YES","IFK Norrkoping - Malmo FF","Allsvenskan","Over Under","Total Goals 3.5","N","Under",1.34,"Bet Won"
297,2,2022-07-17 11:36:12,"YES","Hammarby IF - IF Elfsborg","Allsvenskan","Over Under","Total Goals 3.5","N","Under",1.53,"Bet Won"
298,1,2022-07-17 15:49:53,"YES","AIK - Kalmar FF","Allsvenskan","Asian Over/Under","Asian Total 2","Y","Under",2.75,"Bet Won"
299,1,2022-07-16 17:03:44,"YES","Ostersunds FK - Osters IF","Superettan","Over Under","Total Goals - 1st Half 1.5","Y","Over",3.15,"Bet Lost"
299,2,2022-07-16 17:33:37,"YES","Djurg?rdens IF - IFK Varnamo","Allsvenskan","Over Under","Total Goals - 1st Half 1.5","Y","Over",2.55,"Bet Won"
299,3,2022-07-16 18:32:35,"YES","Ostersunds FK - Osters IF","Superettan","Over Under","Total Goals 2.5","Y","Over",2.1,"Bet Lost"
300,1,2022-07-17 11:44:15,"YES","Hammarby IF - IF Elfsborg","Allsvenskan","Double Chance","Double Chance","N","X2",2.1,"Bet Lost"
300,2,2022-07-17 11:44:56,"YES","Hammarby IF - IF Elfsborg","Allsvenskan","Two Way Draw No Bet","Draw No Bet","N","IF Elfsborg",3.25,"Bet Lost"
301,1,2022-07-16 18:37:29,"YES","Djurg?rdens IF - IFK Varnamo","Allsvenskan","Three way 1x2","Full Time","Y","X",21,"Bet Lost"
302,1,2022-07-16 14:08:29,"YES","IFK Norrkoping - Malmo FF","Allsvenskan","Three Way Handicap","3-Way Handicap 1","N","Malmo FF",4.25,"Bet Won"
303,1,2022-07-17 13:54:12,"YES","IFK Goteborg - Mjallby AIF","Allsvenskan","Three way 1x2","Full Time","N","IFK Goteborg",2.25,"Bet Lost"
304,1,2022-07-13 09:31:34,"YES","IFK Norrkoping - Malmo FF","Allsvenskan","Three way 1x2","Full Time","N","Malmo FF",2.15,"Bet Won"
304,2,2022-07-16 16:59:54,"YES","Djurg?rdens IF - IFK Varnamo","Allsvenskan","HT/FT","Half Time/Full Time","N","1/1",1.98,"Bet Won"
305,1,2022-07-17 14:59:13,"YES","AIK - Kalmar FF","Allsvenskan","Three way 1x2","Full Time","N","AIK",1.8,"Bet Won"
306,1,2022-07-16 15:04:28,"YES","IFK Norrkoping - Malmo FF","Allsvenskan","Three way 1x2","Full Time","Y","Malmo FF",1.93,"Bet Won"
306,2,2022-07-16 16:50:02,"YES","IFK Norrkoping - Malmo FF","Allsvenskan","Next Occurrence Number","Next Goal ({0}) (Draw: No More Goals)","Y","X",1.17,"Bet Won"
306,3,2022-07-16 18:34:09,"YES","Ostersunds FK - Osters IF","Superettan","Next Occurrence Number","Next Goal ({0}) (Draw: No More Goals)","Y","X",1.56,"Bet Won"
306,4,2022-07-16 18:34:21,"YES","Ostersunds FK - Osters IF","Superettan","Three way 1x2","Full Time","Y","Osters IF",3.55,"Bet Won"
306,5,2022-07-16 18:48:46,"YES","Ostersunds FK - Osters IF","Superettan","Next Occurrence Number","Next Goal ({0}) (Draw: No More Goals)","Y","X",1.18,"Bet Won"
306,6,2022-07-16 19:08:01,"YES","Djurg?rdens IF - IFK Varnamo","Allsvenskan","Next Occurrence Number","Next Goal ({0}) (Draw: No More Goals)","Y","X",1.6,"Bet Lost"
307,1,2022-07-16 11:43:45,"YES","IFK Norrkoping - Malmo FF","Allsvenskan","Two Way Draw No Bet","Draw No Bet","N","IFK Norrkoping",2.33,"Bet Lost"
308,1,2022-07-16 11:41:43,"YES","Djurg?rdens IF - IFK Varnamo","Allsvenskan","Asian Handicap","Asian Handicap -2","N","Djurg?rdens IF",3.05,"Bet Won"
309,1,2022-07-16 16:29:10,"YES","Dalkurd FF - Orebro SK","Superettan","Next Occurrence Number","Next Goal ({0}) (Draw: No More Goals)","Y","Dalkurd FF",3,"Bet Lost"
310,1,2022-07-16 09:48:22,"YES","IFK Norrkoping - Malmo FF","Allsvenskan","Three way 1x2","Full Time","N","Malmo FF",2.3,"Bet Won"
311,1,2022-07-12 18:34:00,"YES","Landskrona BoIS - Halmstads BK","Superettan","Over Under","Total Corners 11.5","N","Over",2.12,"Bet Lost"
312,1,2022-07-17 14:29:52,"YES","AIK - Kalmar FF","Allsvenskan","Three way 1x2","Full Time","N","AIK",1.92,"Bet Won"
313,1,2022-07-12 20:55:26,"YES","Landskrona BoIS - Halmstads BK","Superettan","Three way 1x2","Full Time","Y","X",6,"Bet Lost"
314,1,2022-07-17 13:19:11,"YES","AIK - Kalmar FF","Allsvenskan","Three way 1x2","Full Time","N","AIK",1.8,"Bet Won"
315,1,2022-07-16 17:04:16,"YES","Djurg?rdens IF - IFK Varnamo","Allsvenskan","Over Under","Total Corners by Home Team 7.5","N","Over",2.85,"Bet Won"
316,1,2022-07-14 16:25:55,"YES","Djurg?rdens IF - IFK Varnamo","Allsvenskan","Asian Handicap","Asian Handicap -1.75","N","Djurg?rdens IF",2.63,"Bet Won"
317,1,2022-07-16 00:24:56,"YES","IFK Norrkoping - Malmo FF","Allsvenskan","Three way 1x2","Full Time","N","Malmo FF",2.26,"Bet Won"
317,2,2022-07-16 00:26:19,"YES","Djurg?rdens IF - IFK Varnamo","Allsvenskan","Occurrence To Happen","Goal scored - {0}:00-{1}:59","N","Yes",1.66,"Bet Won"
317,3,2022-07-16 17:54:07,"YES","Djurg?rdens IF - IFK Varnamo","Allsvenskan","Over Under","Total Corners 11.5","Y","Over",2.06,"Bet Won"
317,4,2022-07-16 23:20:57,"YES","Hammarby IF - IF Elfsborg","Allsvenskan","Over Under","Total Corners 10.5","N","Over",1.75,"Bet Won"
317,5,2022-07-17 12:40:15,"YES","AIK - Kalmar FF","Allsvenskan","Three way 1x2","Full Time","N","AIK",1.8,"Bet Won"
318,1,2022-07-16 08:08:27,"YES","Djurg?rdens IF - IFK Varnamo","Allsvenskan","Three way 1x2","Full Time","N","IFK Varnamo",8,"Bet Lost"
319,1,2022-07-16 12:37:14,"YES","Ostersunds FK - Osters IF","Superettan","Three way 1x2","Full Time","N","Osters IF",1.72,"Bet Lost"
320,1,2022-07-17 15:15:26,"YES","AIK - Kalmar FF","Allsvenskan","Three way 1x2","Full Time","Y","AIK",1.77,"Bet Won"
320,2,2022-07-17 15:16:00,"YES","Hammarby IF - IF Elfsborg","Allsvenskan","Over Under","Total Goals 3.5","Y","Under",2,"Bet Won"
321,1,2022-07-16 14:55:07,"YES","IFK Norrkoping - Malmo FF","Allsvenskan","Over Under","Total Corners 13.5","N","Over",4.1,"Bet Won"
321,2,2022-07-16 16:49:13,"YES","Djurg?rdens IF - IFK Varnamo","Allsvenskan","Over Under","Total Corners by Home Team 6.5","N","Over",2.02,"Bet Won"
321,3,2022-07-16 16:49:25,"YES","Djurg?rdens IF - IFK Varnamo","Allsvenskan","Over Under","Total Corners by Away Team 3.5","N","Over",2.04,"Bet Won"
322,1,2022-07-17 16:45:55,"YES","IFK Goteborg - Mjallby AIF","Allsvenskan","Three way 1x2","Full Time","Y","IFK Goteborg",12.5,"Bet Lost"
323,1,2022-07-12 19:11:20,"YES","Landskrona BoIS - Halmstads BK","Superettan","Double Chance","Double Chance","Y","X2",1.2,"Bet Lost"
323,2,2022-07-16 17:02:16,"YES","Ostersunds FK - Osters IF","Superettan","Double Chance","Double Chance","Y","X2",1.18,"Bet Won"
324,1,2022-07-16 15:28:45,"YES","IFK Norrkoping - Malmo FF","Allsvenskan","Next Occurrence Number","Next Goal ({0}) (Draw: No More Goals)","Y","Malmo FF",1.94,"Bet Won"
325,1,2022-07-16 16:43:19,"YES","Skovde AIK - IK Brage","Superettan","Three way 1x2","Full Time","Y","X",1.21,"Bet Won"
325,2,2022-07-17 14:11:05,"YES","Vaster?s SK FK - Landskrona BoIS","Superettan","Double Chance","Double Chance","Y","12",1.13,"Bet Won"
325,3,2022-07-17 15:07:13,"YES","Halmstads BK - Utsiktens BK","Superettan","Double Chance","Double Chance","Y","12",1.23,"Bet Won"
326,1,2022-07-16 09:34:48,"YES","IFK Norrkoping - Malmo FF","Allsvenskan","Asian Over/Under","Asian Total 3","N","Over",2.6,"Bet Lost"
326,2,2022-07-17 12:03:04,"YES","Hammarby IF - IF Elfsborg","Allsvenskan","Over/Under","Total Shots on Target 9.5","N","Over",1.72,"Bet Won"
327,1,2022-07-17 14:57:41,"YES","IK Sirius FK - Degerfors IF","Allsvenskan","Three way 1x2","Full Time","N","IK Sirius FK",1.76,"Bet Won"
328,1,2022-07-16 15:05:46,"YES","IFK Norrkoping - Malmo FF","Allsvenskan","Result","Correct Score","Y","1-3",15,"Bet Lost"
329,1,2022-07-12 19:04:27,"YES","Landskrona BoIS - Halmstads BK","Superettan","Three way 1x2","Full Time","Y","Halmstads BK",1.76,"Bet Won"
330,1,2022-07-17 14:15:05,"YES","AIK - Kalmar FF","Allsvenskan","Over Under","Total Goals 0.5","N","Over",1.07,"Bet Won"
331,1,2022-07-17 15:15:39,"YES","Halmstads BK - Utsiktens BK","Superettan","Three way 1x2","Half Time","Y","Halmstads BK",2.55,"Bet Won"
332,1,2022-07-12 19:21:32,"YES","Landskrona BoIS - Halmstads BK","Superettan","Over Under","Total Goals - 1st Half 0.5","Y","Over",1.72,"Bet Won"
333,1,2022-07-17 14:56:30,"YES","IFK Goteborg - Mjallby AIF","Allsvenskan","Asian Handicap","Asian Handicap - 1st Half 0","N","Mjallby AIF",2.43,"Bet Lost"
333,2,2022-07-17 15:05:46,"YES","AIK - Kalmar FF","Allsvenskan","Asian Handicap","Asian Handicap - 1st Half ({0} - {1}) 0","Y","Kalmar FF",3.05,"Bet Lost"
334,1,2022-07-15 19:32:21,"YES","Djurg?rdens IF - IFK Varnamo","Allsvenskan","Three way 1x2","Full Time","N","Djurg?rdens IF",1.43,"Bet Won"
335,1,2022-07-11 09:11:38,"YES","Orebro SK - Trelleborgs FF","Superettan","Three way 1x2","Full Time","N","X",3.6,"Bet Won"
336,1,2022-07-11 21:09:39,"YES","Djurg?rdens IF - IFK Varnamo","Allsvenskan","Three way 1x2","Full Time","N","Djurg?rdens IF",1.5,"Bet Won"
336,2,2022-07-13 19:58:03,"YES","Djurg?rdens IF - IFK Varnamo","Allsvenskan","Three way 1x2","Full Time","N","Djurg?rdens IF",1.42,"Bet Won"
337,1,2022-07-16 10:15:41,"YES","IFK Norrkoping - Malmo FF","Allsvenskan","Three way 1x2","Full Time","N","Malmo FF",2.3,"Bet Won"
338,1,2022-07-16 17:17:29,"YES","Djurg?rdens IF - IFK Varnamo","Allsvenskan","Asian Handicap","Asian Handicap -1.5","N","Djurg?rdens IF",2.12,"Bet Won"
339,1,2022-07-16 12:21:32,"YES","IFK Norrkoping - Malmo FF","Allsvenskan","Three way 1x2","Full Time","N","Malmo FF",2.2,"Bet Won"
339,2,2022-07-16 19:20:58,"YES","IFK Goteborg - Mjallby AIF","Allsvenskan","Three way 1x2","Full Time","N","X",3.35,"Bet Won"
340,1,2022-07-14 22:04:01,"YES","IFK Norrkoping - Malmo FF","Allsvenskan","Three way 1x2","Full Time","N","X",3.65,"Bet Lost"
341,1,2022-07-17 14:18:39,"YES","Hammarby IF - IF Elfsborg","Allsvenskan","Three way 1x2","Full Time","N","X",4.15,"Bet Lost"
341,2,2022-07-17 14:19:20,"YES","Hammarby IF - IF Elfsborg","Allsvenskan","Three way 1x2","Full Time","N","X",4.15,"Bet Lost"
